Date,Open,High,Low,Close,Volume
20150626,40.2,40.2,40.2,40.2,124
20150629,40.2,40.2,40.2,40.2,0
20150630,40.2,40.2,40.2,40.2,0
20150701,40.2,40.2,40.2,40.2,0
20150702,40.2,40.2,40.2,40.2,0
20150703,40.47,40.79,40.47,40.79,1392
20150706,40.79,40.79,40.79,40.79,1000
20150707,40.79,40.79,40.79,40.79,0
20150708,41.6,41.63,41.53,41.53,2763
20150709,41.21,41.21,41.11,41.11,3100
20150710,41.11,41.11,41.11,41.11,0
20150713,41.11,41.11,41.11,41.11,0
20150714,41.11,41.11,41.11,41.11,0
20150715,41.11,41.11,41.11,41.11,0
20150716,41.11,41.11,41.11,41.11,0
20150717,42.93,42.93,42.77,42.77,842
20150720,43.25,43.25,43.25,43.25,37
20150721,42.99,43.15,42.99,43.13,1440
20150722,42.57,42.6,42.45,42.6,3808
20150723,42.85,42.85,42.85,42.85,235
20150724,42.59,42.87,42.59,42.87,399
20150727,42.57,42.57,42.45,42.45,600
20150728,42.4,42.4,42.4,42.4,653
20150729,42.4,42.4,42.4,42.4,0
20150730,43.05,43.05,43,43.05,1098
20150731,43.04,43.04,43.04,43.04,1200
20150803,43.04,43.04,43.04,43.04,0
20150804,42.85,42.85,42.53,42.53,2101
20150805,42.22,42.22,42.22,42.22,4493
20150806,41.85,41.85,41.8,41.8,665
20150807,41.69,41.69,41.69,41.69,240
20150810,41.44,41.44,41.44,41.44,246
20150811,42.1,42.1,42.1,42.1,44
20150812,42.1,42.1,42.1,42.1,0
20150813,42.1,42.1,42.1,42.1,0
20150814,42.1,42.1,42.1,42.1,0
20150817,42.1,42.1,42.1,42.1,0
20150818,42.1,42.1,42.1,42.1,0
20150819,42.61,42.61,42.59,42.59,725
20150820,42.13,42.13,42.13,42.13,33
20150821,41.05,41.05,41.05,41.05,248
20150824,40.34,40.39,39.61,39.73,982
20150825,39.51,39.6,39.3,39.3,1051
20150826,38.92,39.53,38.92,39.53,1050
20150827,40.21,40.21,40.21,40.21,30
20150828,40.85,40.9,40.85,40.9,3670
20150831,40.9,40.9,40.9,40.9,0
20150901,40.35,40.35,40.35,40.35,33
20150902,40.64,40.64,40.64,40.64,85
20150903,40.64,40.64,40.64,40.64,0
20150904,40.64,40.64,40.64,40.64,0
20150907,41.54,41.54,41.54,41.54,240
20150908,41.54,41.54,41.54,41.54,0
20150909,41.54,41.54,41.54,41.54,0
20150910,41.06,41.06,41.06,41.06,267
20150911,40.47,40.47,40.47,40.47,126
20150914,40.52,40.52,40.52,40.52,250
20150915,40.52,40.52,40.52,40.52,0
20150916,40.52,40.52,40.52,40.52,0
20150917,40.52,40.52,40.52,40.52,0
20150918,40.5,40.5,40.5,40.5,700
20150921,39.79,39.79,39.79,39.79,7
20150922,40.39,40.39,40.39,40.39,100
20150923,39.92,39.92,39.92,39.92,743
20150924,39.95,39.95,39.92,39.92,226
20150925,39.88,39.88,39.88,39.88,300
20150928,39.65,39.65,39.65,39.65,30
20150929,39.56,39.56,39.56,39.56,600
20150930,39.56,39.56,39.56,39.56,0
20151001,39.9,39.98,39.9,39.98,1050
20151002,39.73,39.73,39.73,39.73,16
20151005,39.73,39.73,39.73,39.73,0
20151006,39.73,39.73,39.73,39.73,0
20151007,39.73,39.73,39.73,39.73,0
20151008,40.29,40.29,40.29,40.29,100
20151009,40.64,40.64,40.6,40.6,327
20151012,40.38,40.38,40.38,40.38,30
20151013,40.38,40.38,40.38,40.38,0
20151014,40.38,40.38,40.38,40.38,0
20151015,40.38,40.38,40.38,40.38,0
20151016,40.55,40.55,40.55,40.55,16
20151019,40.55,40.55,40.55,40.55,0
20151020,40.55,40.65,40.55,40.65,450
20151021,40.65,40.65,40.65,40.65,0
20151022,40.65,40.65,40.65,40.65,0
20151023,40.65,40.65,40.65,40.65,0
20151026,41.8,41.8,41.76,41.76,340
20151027,41.61,41.63,41.61,41.63,1000
20151028,41.62,41.62,41.62,41.62,25
20151029,42.59,42.59,42.59,42.59,117
20151030,42.91,42.91,42.91,42.91,153
20151102,42.24,42.24,42.24,42.24,100
20151103,42.24,42.24,42.24,42.24,0
20151104,42.24,42.24,42.24,42.24,0
20151105,42.24,42.24,42.24,42.24,0
20151106,42.29,42.29,42.29,42.29,102
20151109,42.29,42.29,42.29,42.29,0
20151110,42.98,42.99,42.94,42.94,6488
20151111,42.94,42.94,42.94,42.94,0
20151112,42.94,42.94,42.94,42.94,0
20151113,42.17,42.17,42.17,42.17,710
20151116,42.17,42.17,42.17,42.17,0
20151117,42.17,42.17,42.17,42.17,0
20151118,42.17,42.17,42.17,42.17,0
20151119,42.93,42.93,42.9,42.9,6040
20151120,42.9,42.9,42.9,42.9,0
20151123,43.04,43.04,43.04,43.04,1052
20151124,43.04,43.04,43.04,43.04,0
20151125,43.04,43.04,43.04,43.04,0
20151126,42.63,42.63,42.63,42.63,250
20151127,42.63,42.63,42.63,42.63,0
20151130,42.63,42.63,42.63,42.63,0
20151201,42.66,42.66,42.64,42.64,535
20151202,42.64,42.64,42.64,42.64,0
20151203,42.15,42.17,42.15,42.17,524
20151204,42.17,42.17,42.17,42.17,0
20151207,41.78,41.78,41.78,41.78,1400
20151208,42.01,42.06,42.01,42.06,140
20151209,42.06,42.06,42.06,42.06,0
20151210,40.91,40.91,40.91,40.91,470
20151211,41.03,41.03,41.03,41.03,611
20151214,41.03,41.03,41.03,41.03,0
20151215,40.07,40.07,40.07,40.07,687
20151216,40.88,40.9,40.88,40.9,1833
20151217,41.34,41.43,41.34,41.36,1528
20151218,41.36,41.36,41.36,41.36,0
20151221,41.36,41.36,41.36,41.36,0
20151222,39.32,39.32,39.3,39.3,625
20151223,39.55,39.68,39.55,39.68,2560
20151224,40.15,40.15,40.15,40.15,1000
20151229,40.5,40.5,40.01,40.01,2750
20151230,40.01,40.01,40.01,40.01,0
20151231,40.01,40.01,40.01,40.01,1600
20160104,40.01,40.01,40.01,40.01,0
20160105,39.98,39.98,39.98,39.98,250
20160106,40.04,40.04,40.04,40.04,250
20160107,40.09,40.09,39.88,39.88,273
20160108,39.65,39.65,39.65,39.65,120
20160111,39.65,39.65,39.65,39.65,0
20160112,39.65,39.65,39.65,39.65,0
20160113,39.54,39.54,39.54,39.54,60
20160114,39.14,39.14,39.14,39.14,500
20160115,39.55,39.55,39.55,39.55,137
20160118,39.38,39.4,39.38,39.4,310
20160119,39.86,39.86,39.8,39.8,4270
20160120,39.8,39.8,39.8,39.8,0
20160121,39.8,39.8,39.8,39.8,0
20160122,39.8,39.8,39.8,39.8,0
20160125,38.92,38.92,38.92,38.92,1250
20160127,38.92,38.92,38.92,38.92,0
20160128,38.16,38.16,38.16,38.16,130
20160129,37.65,37.65,37.65,37.65,80
20160201,37.65,37.65,37.65,37.65,0
20160202,37.65,37.65,37.65,37.65,0
20160203,38.47,38.47,38.47,38.47,13
20160204,38.41,38.41,38.38,38.38,72
20160205,38.92,38.92,38.92,38.92,1300
20160208,39.25,39.27,39.24,39.24,1059
20160209,38.82,38.82,38.82,38.82,26
20160210,38.57,38.57,38.57,38.57,16
20160211,38.57,38.57,38.57,38.57,0
20160212,37.65,37.69,37.65,37.69,271
20160215,38.5,38.53,38.5,38.52,386
20160216,38.9,38.9,38.9,38.9,400
20160217,38.9,38.9,38.9,38.9,0
20160218,39.87,39.87,39.87,39.87,200
20160219,39.79,39.79,39.79,39.79,100
20160222,39.79,39.79,39.79,39.79,0
20160223,39.79,39.79,39.79,39.79,0
20160224,39.79,39.79,39.79,39.79,0
20160225,39.79,39.79,39.79,39.79,0
20160226,39.79,39.79,39.79,39.79,0
20160229,40.64,40.64,40.64,40.64,250
20160301,40.65,40.65,40.65,40.65,50
20160302,40.93,40.93,40.93,40.93,303
20160303,40.43,40.43,40.43,40.43,1150
20160304,40.43,40.43,40.43,40.43,0
20160307,40.43,40.43,40.43,40.43,0
20160308,40.57,40.57,40.55,40.55,505
20160309,40.25,40.25,40.25,40.25,125
20160310,40.25,40.25,40.25,40.25,0
20160311,40.25,40.25,40.25,40.25,0
20160314,40.09,40.09,39.92,39.92,627
20160315,39.92,39.92,39.92,39.92,0
20160316,40.05,40.05,40.05,40.05,250
20160317,40.05,40.05,40.05,40.05,0
20160318,39.95,39.95,39.95,39.95,255
20160321,40.5,40.5,40.5,40.5,469
20160322,40.5,40.5,40.5,40.5,0
20160323,40.7,40.7,40.58,40.58,225
20160324,40.7,40.7,40.7,40.7,1000
20160329,40.7,40.7,40.7,40.7,0
20160330,40.34,40.34,40.22,40.22,1091
20160331,40.36,40.36,40.21,40.21,2943
20160401,40.21,40.21,40.21,40.21,0
20160404,40.21,40.21,40.21,40.21,0
20160405,40.89,40.89,40.64,40.64,1473
20160406,40.56,40.56,40.47,40.47,865
20160407,40.47,40.47,40.47,40.47,0
20160408,40.47,40.47,40.47,40.47,1100
20160411,40.39,40.39,40.39,40.39,1250
20160412,40.03,40.03,39.95,39.95,289
20160413,39.95,39.95,39.95,39.95,0
20160414,41.1,41.1,40.95,40.95,793
20160415,41,41.05,41,41.05,10380
20160418,40.96,40.97,40.96,40.96,10079
20160419,40.92,40.92,40.92,40.92,603
20160420,40.92,40.92,40.92,40.92,0
20160421,41.49,41.49,41.49,41.49,100
20160422,41.49,41.49,41.49,41.49,0
20160426,42.15,42.15,42.15,42.15,43
20160427,42.15,42.15,42.15,42.15,0
20160428,43.3,43.3,43.1,43.1,1378
20160429,43.1,43.1,43.1,43.1,0
20160502,43.1,43.1,43.1,43.1,0
20160503,42.59,42.59,42.59,42.59,2500
20160504,42.83,42.83,42.83,42.83,48
20160505,42.83,42.83,42.83,42.83,0
20160506,43.01,43.01,43.01,43.01,344
20160509,43.15,43.15,43.03,43.03,367
20160510,43.03,43.03,43.03,43.03,0
20160511,43.98,43.98,43.98,43.98,50
20160512,43.67,43.67,43.51,43.56,2939
20160513,43.56,43.56,43.56,43.56,0
20160516,43.54,43.64,43.54,43.54,2453
20160517,43.54,43.55,43.5,43.5,1739
20160518,43.53,43.53,43.53,43.53,117
20160519,44.3,44.3,44.3,44.3,781
20160520,44.3,44.3,44.3,44.3,0
20160523,44.34,44.34,44.34,44.34,153
20160524,44.72,44.72,44.67,44.67,1086
20160525,45.44,45.49,45.44,45.49,700
20160526,45.73,45.73,45.73,45.73,4
20160527,45.55,45.61,45.55,45.6,1157
20160530,46.12,46.27,46.12,46.27,650
20160531,46.27,46.27,46.27,46.27,42
20160601,45.61,45.61,45.61,45.61,65
20160602,45.85,45.89,45.85,45.88,248
20160603,46.24,46.24,46.1,46.1,169
20160606,45.36,45.36,45.36,45.36,550
20160607,45.36,45.36,45.36,45.36,21
20160608,44.56,44.56,44.46,44.46,123
20160609,44.46,44.46,44.46,44.46,0
20160610,44.46,44.46,44.46,44.46,0
20160614,45.07,45.1,45.07,45.1,531
20160615,44.96,44.96,44.66,44.66,110
20160616,44.54,44.54,44.24,44.24,123
20160617,44.24,44.24,44.24,44.24,0
20160620,44.24,44.24,44.24,44.24,0
20160621,44.24,44.24,44.24,44.24,0
20160622,44.24,44.24,44.15,44.15,390
20160623,43.92,43.92,43.92,43.92,6
20160624,44.05,44.05,43.63,43.63,2488
20160627,42.73,42.78,42.71,42.78,18197
20160628,42.24,42.24,42.17,42.17,2800
20160629,42.5,42.5,42.5,42.5,242
20160630,43.42,43.42,43.42,43.42,922
20160701,43.42,43.42,43.42,43.42,0
20160704,43.99,43.99,43.95,43.95,1100
20160705,43.73,43.73,43.72,43.72,683
20160706,43.55,43.55,43.55,43.55,570
20160707,43.55,43.55,43.55,43.55,0
20160708,43.55,43.55,43.55,43.55,0
20160711,44.05,44.05,44.05,44.05,1132
20160712,44.12,44.12,43.98,43.98,22220
20160713,44.2,44.31,44.2,44.31,928
20160714,44.25,44.25,44.22,44.22,1370
20160715,44.33,44.33,44.33,44.33,8
20160718,44.71,44.71,44.69,44.69,2800
20160719,44.69,44.69,44.69,44.69,0
20160720,45.28,45.28,45.12,45.12,376
20160721,45.75,45.75,45.75,45.75,7
20160722,45.65,45.77,45.65,45.73,832
20160725,45.95,45.95,45.95,45.95,319
20160726,45.95,45.95,45.95,45.95,0
20160727,46.08,46.08,46.08,46.08,543
20160728,46.08,46.08,46.08,46.08,0
20160729,45.84,45.85,45.75,45.76,10357
20160801,45.51,45.51,45.44,45.5,7792
20160802,45.65,45.69,45.56,45.58,23064
20160803,45.04,45.08,44.96,45.06,21616
20160804,45.19,45.19,45.19,45.19,565
20160805,45.09,45.09,45.02,45.04,19935
20160808,45.04,45.04,45.04,45.04,0
20160809,45.04,45.04,45.04,45.04,0
20160810,45.27,45.27,45.18,45.24,1972
20160811,45.01,45.11,45.01,45.11,1967
20160812,45.42,45.42,45.41,45.41,686
20160815,45.64,45.64,45.62,45.62,2926
20160816,45.57,45.57,45.33,45.33,498
20160817,45.33,45.41,45.33,45.35,210
20160818,45.25,45.27,45.13,45.13,1218
20160819,45.49,45.49,45.49,45.49,66
20160822,45.6,45.7,45.59,45.7,1137
20160823,45.57,45.65,45.57,45.57,271
20160824,45.57,45.57,45.57,45.57,0
20160825,45.54,45.54,45.54,45.54,120
20160826,45.37,45.37,45.37,45.37,407
20160829,46.01,46.01,45.97,45.97,843
20160830,45.99,45.99,45.82,45.82,666
20160831,46.27,46.27,46.14,46.14,1814
20160901,46.02,46.08,46.02,46.08,539
20160902,45.73,46.08,45.73,46.08,5458
20160905,45.7,45.7,45.58,45.58,714
20160906,45.3,45.3,45.3,45.3,1700
20160907,45.15,45.15,45.03,45.14,2496
20160908,45.22,45.23,45.22,45.23,477
20160909,45.26,45.26,45.09,45.09,576
20160912,44.55,44.55,44.44,44.44,585
20160913,45.27,45.27,45.27,45.27,179
20160914,45.34,45.34,45.11,45.15,7604
20160915,45.04,45.04,44.89,44.89,521
20160916,44.97,44.98,44.85,44.98,775
20160919,44.74,44.74,44.74,44.74,205
20160920,44.85,44.85,44.63,44.63,2364
20160921,44.43,44.63,44.43,44.63,4166
20160922,44.61,44.61,44.57,44.57,530
20160923,44.91,44.91,44.91,44.91,134
20160926,44.84,44.84,44.84,44.84,1115
20160927,44.32,44.38,44.26,44.26,2909
20160928,44.21,44.21,44.2,44.2,2181
20160929,44.2,44.2,44.2,44.2,0
20160930,44.26,44.26,44.08,44.08,426
20161003,44.5,44.66,44.5,44.66,1443
20161004,44.66,44.66,44.66,44.66,0
20161005,44.41,44.41,44.41,44.41,16089
20161006,44.63,44.63,44.63,44.63,1094
20161007,44.83,44.83,44.76,44.76,224
20161010,44.7,44.7,44.65,44.7,696
20161011,44.78,44.78,44.78,44.78,308
20161012,44.5,44.51,44.23,44.23,4666
20161013,44.3,44.3,44.19,44.19,4702
20161014,43.98,43.98,43.93,43.94,379
20161017,43.78,43.78,43.78,43.78,240
20161018,43.36,43.49,43.36,43.46,1772
20161019,43.5,43.69,43.5,43.69,1938
20161020,43.69,43.79,43.69,43.74,1301
20161021,44.27,44.27,44.27,44.27,55
20161024,44.56,44.66,44.56,44.62,1024
20161025,44.71,44.71,44.56,44.56,260
20161026,44.26,44.26,43.97,43.97,1264
20161027,43.97,43.97,43.97,43.97,0
20161028,44.23,44.37,44.23,44.37,675
20161031,43.69,43.69,43.69,43.69,4
20161101,43.79,43.79,43.7,43.7,687
20161102,43.31,43.31,43.12,43.12,2322
20161103,43.17,43.17,42.98,43.07,632
20161104,42.76,42.76,42.7,42.76,1718
20161107,43.16,43.24,43.16,43.22,22385
20161108,43.55,43.55,43.55,43.55,414
20161109,45,45,41.86,41.86,1587
20161110,45.03,45.03,44.96,45,4029
20161111,45.9,46.03,45.85,45.85,55277
20161114,46.43,46.43,46.28,46.28,914
20161115,46.08,46.13,46.06,46.13,374
20161116,46.13,46.13,46.13,46.13,0
20161117,46.32,46.53,46.32,46.4,6894
20161118,47.34,47.35,47.34,47.35,1005
20161121,47.54,47.82,47.54,47.73,611
20161122,47.61,47.68,47.55,47.65,1009
20161123,47.65,47.65,47.57,47.57,1933
20161124,47.84,47.84,47.84,47.84,33
20161125,47.83,47.86,47.64,47.64,2108
20161128,47.57,47.57,47.39,47.39,921
20161129,46.88,46.94,46.88,46.9,2025
20161130,46.97,46.97,46.75,46.75,9115
20161201,47.56,47.63,47.18,47.18,11107
20161202,47.33,47.36,47.33,47.34,3569
20161205,47,47.1,46.97,46.97,2195
20161206,47.31,47.45,47.31,47.45,2310
20161207,47.5,47.76,47.5,47.69,2710
20161208,48,48,47.71,47.71,2567
20161209,48.04,48.16,48,48.15,1898
20161212,48.34,48.43,48.15,48.25,2535
20161213,48,48,47.43,47.43,9033
20161214,47.75,47.75,47.54,47.54,24372
20161215,48,48.32,48,48.1,2885
20161216,48.38,48.41,48.38,48.41,495
20161219,48.81,48.84,48.8,48.81,2052
20161220,48.9,48.9,48.52,48.56,761
20161221,48.55,48.67,48.54,48.67,4800
20161222,48.67,48.67,48.37,48.38,1498
20161223,48.7,48.82,48.67,48.82,9648
20161228,49.05,49.05,48.94,48.96,5271
20161229,48.99,48.99,48.73,48.79,6039
20161230,48.78,49.03,48.45,48.5,6647
20170103,48.75,48.77,48.55,48.55,3262
20170104,49,49.05,49,49.01,4356
20170105,49.5,49.5,48.92,48.92,5233
20170106,50.5,50.5,48.7,48.79,7428
20170109,49.21,49.24,49,49.23,5337
20170110,48.83,48.87,48.63,48.75,4122
20170111,48.75,48.78,48.64,48.64,2568
20170112,48.64,48.64,47.88,47.88,8630
20170113,48.05,48.08,47.9,48.07,2604
20170116,48.31,48.31,48.09,48.23,1845
20170117,48.41,48.41,47.97,47.97,4180
20170118,48,48,47.5,47.58,5899
20170119,47.8,47.95,47.8,47.82,1268
20170120,49,49,47.5,47.54,9283
20170123,47.34,47.36,47.05,47.16,5491
20170124,47.1,47.24,47.08,47.24,3731
20170125,47.44,47.69,47.38,47.66,3933
20170127,47.86,47.86,47.78,47.84,2716
20170130,48.5,48.5,47.37,47.4,2190
20170131,47.5,47.5,47.17,47.17,1887
20170201,47.5,47.5,47.5,47.5,105
20170202,47.5,47.5,46.93,46.97,1232
20170203,47.04,47.08,47,47.03,7892
20170206,47.3,47.3,47.22,47.22,519
20170207,47.39,47.41,47.29,47.29,1938
20170208,47.5,47.65,47.5,47.56,2548
20170209,47.62,47.65,47.61,47.65,1025
20170210,47.95,47.97,47.9,47.9,3377
20170213,48,48.07,47.93,48.07,1413
20170214,48.22,48.25,48.15,48.16,21608
20170215,48.62,48.62,48.6,48.6,1129
20170216,48.95,48.95,48.65,48.66,3060
20170217,48.66,48.77,48.37,48.37,6369
20170220,48.79,49.09,48.79,49.09,1708
20170221,49.13,49.23,48.99,49.23,7129
20170222,49.19,49.25,49.13,49.25,8165
20170223,49.25,49.3,49.09,49.22,5788
20170224,49.23,49.23,48.81,48.97,2053
20170227,49.36,49.39,49.2,49.24,10916
20170228,49.23,49.43,49.19,49.19,770
20170301,49.32,49.52,49.29,49.52,1755
20170302,49.68,50.04,49.68,49.97,1476
20170303,50.34,50.34,50.25,50.25,9183
20170306,50.3,50.3,50.12,50.2,10621
20170307,50.2,50.2,49.76,49.82,8858
20170308,49.74,49.74,49.52,49.52,2458
20170309,49.55,50.4,49.55,50.26,11935
20170310,50.54,50.56,50.4,50.51,8209
20170313,50.51,50.51,50.04,50.04,4778
20170314,50.1,50.2,50.08,50.18,4967
20170315,50.05,50.05,49.86,49.91,1222
20170316,49.91,49.91,49.45,49.65,2385
20170317,49.54,49.55,49.43,49.44,9630
20170320,49.3,49.3,48.97,48.99,30774
20170321,48.95,49.14,48.92,49.13,7616
20170322,48.53,48.63,48.5,48.58,11201
20170323,48.67,48.81,48.59,48.76,11985
20170324,48.9,49.04,48.87,49.04,12427
20170327,48.68,48.76,48.65,48.65,3795
20170328,49.1,49.21,49,49.21,4385
20170329,49.03,49.18,49.03,49.18,1451
20170330,49.15,49.15,49.02,49.03,746
20170331,49.35,49.35,49.2,49.28,9361
20170403,49.3,49.66,49.3,49.64,4330
20170404,49.44,49.45,49.25,49.45,22946
20170405,49.64,49.64,49.45,49.5,2298
20170406,49.16,49.46,49.16,49.34,1179
20170407,49.78,49.87,49.7,49.8,3036
20170410,50.07,50.33,50.07,50.25,2779
20170411,50.18,50.18,50.05,50.15,3225
20170412,50.05,50.2,50.05,50.2,816
20170413,51.99,51.99,49.36,49.46,9358
20170418,49.36,49.6,49.36,49.56,1342
20170419,49.56,49.75,49.42,49.75,3923
20170420,49.87,49.87,49.78,49.78,6437
20170421,50.39,50.39,50.3,50.33,4631
20170424,50.3,50.49,50.3,50.44,7934
20170426,50.62,50.86,50.62,50.8,1747
20170427,51.01,51.32,51.01,51.11,2679
20170428,51.47,51.59,51.41,51.52,3083
20170501,51.52,51.52,51.25,51.4,4815
20170502,51.6,51.6,50.98,51.06,8987
20170503,51,51.17,50.97,51.17,941
20170504,51.71,51.79,51.57,51.79,3180
20170505,51.8,52.07,51.79,52.03,3908
20170508,52.17,52.28,52.07,52.16,2048
20170509,52.5,52.5,52.1,52.35,2957
20170510,52.42,52.42,52.27,52.41,1176
20170511,52.41,52.5,52.34,52.35,2252
20170512,52.12,52.12,51.96,51.97,7456
20170515,51.86,51.86,51.73,51.86,3232
20170516,51.74,51.81,51.65,51.7,2830
20170517,51.34,51.34,51.06,51.06,5457
20170518,50.83,50.83,50.53,50.57,5489
20170519,50.8,50.83,50.75,50.82,5049
20170522,51.12,51.24,51.12,51.24,2235
20170523,51.12,51.12,50.89,50.96,6812
20170524,51.27,51.43,51.26,51.29,10342
20170525,51.26,51.32,51.25,51.3,5829
20170526,51.5,52,51.5,51.8,7976
20170529,51.9,51.93,51.75,51.91,4931
20170530,51.9,51.96,51.83,51.86,9625
20170531,51.8,51.8,51.43,51.59,2865
20170601,52.03,52.2,51.94,51.94,9952
20170602,53.01,53.01,52.82,52.97,12475
20170605,52.74,52.74,52.4,52.4,12619
20170606,52.27,52.37,52.18,52.19,4733
20170607,51.83,51.83,51.58,51.7,2519
20170608,51.7,51.73,51.59,51.64,2836
20170609,51.75,51.84,51.69,51.84,4366
20170613,51.85,51.86,51.78,51.86,2418
20170614,52.16,52.16,52.04,52.04,2974
20170615,51.69,51.69,51.24,51.49,1641
20170616,51.55,53,51.55,51.77,4598
20170619,51.38,51.5,51.35,51.5,19376
20170620,52,52.03,51.89,51.89,8592
20170621,51.89,51.97,51.8,51.97,3975
20170622,52.1,52.23,52.1,52.2,5693
20170623,52.58,52.61,52.51,52.54,5977
20170626,52.4,52.43,52.36,52.36,8847
20170627,52.61,52.61,52.48,52.5,3520
20170628,52.5,52.5,52.02,52.12,11657
20170629,52.33,52.33,52.14,52.14,9093
20170630,52.4,53,51.49,51.68,15833
20170703,51.74,51.92,51.74,51.89,2026
20170704,52.02,52.35,51.88,52.35,2013
20170705,52.35,52.35,52.3,52.35,2403
20170706,52.6,52.6,52.15,52.15,7955
20170707,52,52,51.5,51.63,7091
20170710,51.75,51.8,51.68,51.7,10569
20170711,51.7,51.7,51.58,51.58,5906
20170712,51.3,51.35,51.3,51.33,4287
20170713,51.35,51.5,51.31,51.32,1192
20170714,51.26,51.26,51.1,51.16,8330
20170717,51.01,51.01,50.86,51.01,6134
20170718,50.98,50.98,50.31,50.31,3046
20170719,50.25,50.25,50,50.21,3426
20170720,50.18,50.32,50.05,50.32,4714
20170721,50.35,50.75,50.34,50.6,5712
20170724,50.5,50.56,50.32,50.33,2640
20170725,50.64,50.72,50.53,50.53,6261
20170726,50.68,51.01,50.68,51.01,6472
20170727,50.37,50.37,49.96,50.06,2837
20170728,50.19,50.19,50.09,50.09,4086
20170731,50,50.06,50,50.03,2995
20170801,49.94,50.8,49.94,50.8,1299
20170802,50.6,50.6,50.46,50.49,1594
20170803,50.18,50.31,50.06,50.31,3169
20170804,49.94,49.98,49.81,49.93,4564
20170807,49.9,50.02,49.85,50.02,1744
20170808,50,50.02,49.85,50.02,1827
20170809,49.98,50.01,49.72,49.72,23606
20170810,49.78,49.78,49.47,49.57,1570
20170811,49.06,49.22,49.06,49.18,11375
20170814,49.16,49.28,49.1,49.21,5010
20170815,49.8,49.89,49.8,49.81,8394
20170816,49.9,49.9,49.72,49.84,1183
20170817,49.37,49.42,49.23,49.36,1987
20170818,49.04,49.07,48.83,49.01,2076
20170821,48.66,48.66,48.45,48.5,2687
20170822,48.72,48.78,48.6,48.78,2597
20170823,49.12,49.49,49.12,49.37,1420
20170824,48.88,49.02,48.88,48.88,435
20170825,49.19,49.25,49.18,49.18,2003
20170828,49,49,48.82,48.96,2201
20170829,48.78,48.96,48.78,48.82,1533
20170830,49.03,49.03,48.86,48.86,3308
20170831,49.75,49.82,49.7,49.7,7940
20170901,49.97,49.99,49.8,49.98,7781
20170904,49.82,49.82,49.61,49.7,7138
20170905,49.93,49.93,49.69,49.76,1703
20170906,49.32,49.45,49.12,49.41,4095
20170907,49.37,49.5,49.29,49.47,4381
20170908,49.42,49.42,48.91,48.91,2691
20170911,49.62,49.86,49.62,49.7,953
20170912,50.02,50.27,50.02,50.25,1439
20170913,50.22,50.29,50.22,50.29,496
20170914,50.44,50.44,50.32,50.32,257
20170915,50.32,50.43,50.29,50.43,1610
20170918,50.32,50.36,50.27,50.36,2633
20170919,50.36,50.7,50.36,50.55,1089
20170920,50.24,50.24,50.02,50.13,1722
20170921,50.25,50.25,50.25,50.25,2666
20170922,50.54,50.59,50.5,50.55,4694
20170925,50.33,50.33,50.25,50.3,1029
20170926,50.72,50.72,50.56,50.6,1114
20170927,50.96,51.1,50.96,51.1,643
20170928,51.41,51.7,51.41,51.69,2090
20170929,51.36,51.36,51.36,51.36,1360
20171002,51.62,51.62,51.62,51.62,677
20171003,52,52.34,52,52.25,1809
20171004,52.1,52.1,51.94,51.94,354
20171005,51.84,52.05,51.84,52.05,616
20171006,52.64,53,52.64,53,80
20171009,52.64,52.68,52.5,52.64,72295
20171010,52.37,52.37,52.16,52.16,1239
20171011,52.31,52.34,52.02,52.31,592
20171012,52.1,52.1,51.82,51.82,6519
20171013,51.99,52.04,51.87,52.04,725
20171016,52.04,52.04,51.65,51.69,3088
20171017,51.69,51.69,51.56,51.68,2275
20171018,51.66,51.66,51.63,51.63,631
20171019,51.75,51.85,51.67,51.82,1334
20171020,51.69,52.34,51.69,52.04,1793
20171023,52.59,52.64,52.45,52.45,745
20171024,52.48,52.48,52.29,52.29,1237
20171025,52.61,53.25,52.61,53.23,2683
20171026,53.33,53.33,53.25,53.25,3372
20171027,53.35,53.55,53.32,53.55,7792
20171030,53.12,53.14,52.9,52.9,2204
20171031,52.67,52.67,52.48,52.6,2044
20171101,53.03,53.03,53,53,218
20171102,52.74,52.74,52.4,52.51,2160
20171103,52.55,52.58,52.55,52.55,2765
20171106,52.86,52.87,52.75,52.75,1630
20171107,52.55,52.6,52.55,52.55,186
20171108,52.7,52.75,52.66,52.66,413
20171109,52.72,53,52.67,52.67,972
20171110,52.68,52.68,52.66,52.67,2462
20171113,52.95,52.95,52.95,52.95,76
20171114,52.94,53,52.9,52.9,3041
20171115,52.97,53.17,52.9,53.12,9787
20171116,53.1,53.18,53.05,53.18,1215
20171117,53.52,53.57,53.52,53.54,1168
20171120,54,54,53.84,53.84,987
20171121,53.84,53.84,53.84,53.84,201
20171122,53.98,53.98,53.88,53.88,560
20171123,53.86,53.86,53.8,53.8,2173
20171124,53.8,53.85,53.8,53.85,96
20171127,54.01,54.06,53.84,53.84,3970
20171128,53.94,54.08,53.94,54.03,2692
20171129,54.75,54.92,54.75,54.79,1180
20171130,55.24,55.45,55.14,55.27,342
20171201,55.63,55.77,55.63,55.75,763
20171204,55.8,55.82,55.66,55.8,1788
20171205,55.53,55.53,55.32,55.33,2075
20171206,55.32,55.55,55.25,55.31,1140
20171207,55.57,55.75,55.55,55.75,1831
20171208,56.26,56.3,56.26,56.26,804
20171211,56.63,56.63,56.39,56.55,5545
20171212,56.5,56.77,56.48,56.6,2524
20171213,56.62,56.62,56.2,56.36,920
20171214,56,56,55.65,55.81,560
20171215,55.62,55.62,55.41,55.41,822
20171218,56.34,56.62,56.34,56.56,835
20171219,56.36,56.36,55.72,55.92,5206
20171220,56.01,56.01,55.95,56,2703
20171221,55.69,55.74,55.55,55.72,2025
20171222,55.5,55.5,55.48,55.48,523
20171227,55.25,55.25,55.19,55.19,908
20171228,55,55,54.58,54.58,8394
20171229,54.63,54.63,54.63,54.63,2157
20180102,54.66,54.66,54.3,54.4,2907
20180103,55.04,55.04,54.97,54.98,861
20180104,55.1,55.1,55.1,55.1,110
20180105,55.29,55.32,55.13,55.13,763
20180108,55.56,55.56,55.56,55.56,735
20180109,55.83,55.83,55.6,55.6,502
20180110,55.98,56.16,55.98,56.16,498
20180111,56.05,56.05,55.83,55.83,2572
20180112,56.05,56.16,56.05,56.16,185
20180115,56.5,56.5,56.5,56.5,266
20180116,56.07,56.26,56.07,56.22,491
20180117,56.06,56.06,55.76,55.88,278
20180118,56.08,56.29,56.08,56.2,546
20180119,55.82,55.82,55.6,55.61,1706
20180122,55.99,56.2,55.99,56.2,3718
20180123,56.41,56.81,56.41,56.7,492
20180124,56.8,56.83,56.68,56.7,2280
20180125,56.56,56.61,56.2,56.2,1614
20180129,56.7,57.11,56.7,57.1,402
20180130,56.8,57.05,56.61,56.61,2041
20180131,56.2,56.32,56.05,56.32,6234
20180201,56.06,56.33,56.06,56.16,4275
20180202,56,56.01,55.94,56,21400
20180205,55.5,55.5,55.32,55.35,253
20180206,53.56,53.56,51.85,51.85,3361
20180207,54.09,54.4,54.07,54.12,20879
20180208,54.35,54.48,54.22,54.4,724
20180209,53.84,53.84,53.5,53.74,577
20180212,53.86,53.89,53.86,53.89,463
20180213,53.85,53.87,53.85,53.87,920
20180214,54.05,54.05,54,54,302
20180215,54.3,54.5,54.3,54.5,1333
20180216,54.91,54.91,54.75,54.75,327
20180219,54.75,54.75,54.75,54.75,0
20180220,55.09,55.09,54.9,54.9,945
20180221,54.79,54.9,54.67,54.88,548
20180222,54.93,54.98,54.93,54.98,1016
20180223,54.76,54.94,54.76,54.8,1054
20180226,55.46,55.46,55.37,55.37,112
20180227,56,56,56,56,2055
20180228,55.91,55.99,55.81,55.99,627
20180301,55.54,55.72,55.34,55.34,605
20180302,54.49,54.49,54.4,54.43,1174
20180305,54.75,54.75,54.74,54.74,765
20180306,55.35,55.43,55.35,55.43,194
20180307,54.84,54.84,54.84,54.84,25
20180308,55.16,55.22,55,55,1036
20180309,55,55,55,55,0
20180312,56.03,56.03,56.03,56.03,141
20180313,55.92,55.92,55.92,55.92,128
20180314,55.69,55.69,55.52,55.52,95
20180315,55.44,55.5,55.44,55.5,108
20180316,55.76,55.91,55.76,55.84,2301
20180319,56.14,56.2,56.14,56.17,2150
20180320,55.59,55.65,55.59,55.65,171
20180321,55.44,55.44,55.32,55.35,2548
20180322,54.8,54.95,54.8,54.95,39
20180323,53.97,53.97,53.4,53.5,3860
20180326,53.07,53.37,53.04,53.37,797
20180327,53.91,54.14,53.87,53.87,104
20180328,53.41,53.41,53.41,53.41,200
20180329,53.65,53.65,53.55,53.55,158
20180403,53.31,53.31,52.74,52.74,1542
20180404,53.1,53.1,52.92,52.92,608
20180405,54.21,54.29,54.21,54.29,2155
20180406,53.75,54.01,53.75,54,1616
20180409,53.76,53.82,53.68,53.82,2005
20180410,53.6,53.9,53.6,53.82,1265
20180411,53.82,53.82,53.82,53.82,0
20180412,53.82,53.82,53.82,53.82,0
20180413,53.71,53.71,53.68,53.68,428
20180416,53.83,53.83,53.73,53.81,398
20180417,53.9,54.05,53.9,53.99,283
20180418,54.7,54.7,54.6,54.6,1890
20180419,54.37,54.6,54.37,54.43,5510
20180420,54.75,54.75,54.75,54.75,29
20180423,54.85,54.85,54.64,54.64,145
20180424,55.2,55.55,55.2,55.55,6216
20180426,55.6,55.6,55.37,55.37,893
20180427,56.07,56.07,56,56.04,988
20180430,56.1,56.32,56.1,56.32,648
20180501,55.97,56.02,55.87,56,761
20180502,56,56,55.8,55.8,3130
20180503,55.7,55.7,55.41,55.41,255
20180504,55.05,55.05,54.38,54.38,78
20180507,55.4,55.4,55.4,55.4,60
20180508,55.45,55.7,55.45,55.7,694
20180509,55.87,56.01,55.87,56,476
20180510,56.27,56.33,56.25,56.33,1982
20180511,56.05,56.2,56.05,56.2,824
20180514,56.44,56.6,56.44,56.6,920
20180515,56.52,56.52,56.52,56.52,30
20180516,56.76,56.93,56.61,56.61,1191
20180517,56.7,56.86,56.63,56.63,368
20180518,56.84,56.84,56.82,56.82,80
20180521,56.9,56.9,56.83,56.83,69
20180522,56.3,56.32,56.23,56.24,1882
20180523,56.22,56.28,56.17,56.24,595
20180524,56.49,56.49,56.3,56.3,4283
20180525,56.52,56.76,56.52,56.65,940
20180528,56.8,56.85,56.8,56.8,480
20180529,56.9,56.9,56.68,56.68,169
20180530,56.55,56.69,56.46,56.47,6171
20180531,56.8,56.8,56.6,56.61,532
20180601,56.35,56.5,56.35,56.5,888
20180604,56.52,56.64,56.52,56.64,553
20180605,56.53,56.58,56.5,56.55,1244
20180606,56.55,56.55,56.45,56.45,2401
20180607,56.89,56.92,56.89,56.92,176
20180608,57.47,57.47,57.47,57.47,555
20180612,57.89,58.06,57.89,58.06,1615
20180613,58.39,58.53,58.36,58.37,2184
20180614,58.35,58.5,58.35,58.5,258
20180615,58.5,58.5,58.5,58.5,0
20180618,59.55,59.55,59.55,59.55,2
20180619,59,59,59,59,75
20180620,59.72,59.88,59.71,59.71,1346
20180621,60.3,60.3,60.3,60.3,113
20180622,59.89,59.93,59.7,59.83,2256
20180625,59.73,59.73,59.55,59.6,2038
20180626,59.6,59.6,59.55,59.55,238
20180627,59.81,59.81,59.75,59.8,91
20180628,59.75,59.75,59.7,59.75,802
20180629,59.4,59.53,59.21,59.21,1425
20180702,59,59.16,58.83,58.83,1807
20180703,58.83,58.83,58.83,58.83,0
20180704,59,59.05,59,59,670
20180705,59,59,59,59,0
20180706,59.4,59.76,59.4,59.68,643
20180709,60.26,60.26,60.26,60.26,34
20180710,60.16,60.2,60.12,60.12,2100
20180711,60.26,60.26,60.22,60.22,452
20180712,60.74,60.88,60.71,60.73,1754
20180713,60.76,60.77,60.66,60.67,2869
20180716,60.73,60.85,60.73,60.75,261
20180717,60.59,60.59,60.28,60.4,2888
20180718,61.16,61.21,61.04,61.21,934
20180719,60.75,60.75,60.32,60.67,1981
20180720,60.9,61.03,60.84,60.85,897
20180723,60.18,60.18,60.12,60.17,948
20180724,60.68,60.68,60.68,60.68,670
20180725,60.47,60.47,60.36,60.36,2275
20180726,60.75,60.77,60.63,60.73,1131
20180727,60.73,60.73,60.73,60.73,0
20180730,60.87,60.98,60.87,60.92,1197
20180731,61.08,61.12,61,61,722
20180801,61.12,61.25,61.06,61.06,7845
20180802,61.21,61.21,60.8,61.02,3408
20180803,61.45,61.55,61.32,61.36,180
20180806,61.51,61.92,61.51,61.71,13780
20180807,61.76,61.9,61.76,61.8,1814
20180808,61.62,61.66,61.49,61.52,3632
20180809,61.45,61.5,61.3,61.3,15739
20180810,61.9,61.94,61.74,61.94,1054
20180813,62.17,62.17,61.94,61.94,440
20180814,62.44,62.44,62.35,62.43,490
20180815,62.82,63,62.82,63,179
20180816,62.96,62.96,62.74,62.9,2302
20180817,63,63.05,62.98,63.05,446
20180820,63.1,63.12,63,63.07,3255
20180821,62.79,62.9,62.79,62.87,2581
20180822,62.49,62.71,62.49,62.71,3518
20180823,63.32,63.36,63.29,63.29,1867
20180824,63.22,63.45,63.1,63.1,7837
20180827,63.05,63.2,63,63.2,14449
20180828,63.18,63.29,63.15,63.29,2562
20180829,63.1,63.25,62.98,63.25,1560
20180830,63.71,63.73,63.33,63.57,45879
20180831,63.42,63.69,63.42,63.69,921
20180903,64.4,64.5,64.13,64.17,490
20180904,64.3,64.37,64.14,64.14,1890
20180905,64.04,64.12,63.88,64.06,5032
20180906,64,64.3,64,64.3,1206
20180907,64.1,64.25,63.97,64.25,3336
20180910,64.7,65.23,64.7,65.07,2868
20180911,65.37,65.37,65.1,65.1,2602
20180912,65.18,65.18,65.1,65.15,1217
20180913,64.9,64.9,64.59,64.71,8587
20180914,65,65.08,64.91,65.08,2084
20180917,65.21,65.37,65.11,65.29,2301
20180918,65,65,64.72,64.93,562
20180919,64.8,64.8,64.7,64.7,1247
20180920,64.69,64.69,64.47,64.5,1762
20180921,65,65.06,65,65.06,284
20180924,64.93,65.02,64.82,64.9,1263
20180925,64.6,64.84,64.6,64.82,192
20180926,64.48,64.48,64.11,64.11,1534
20180927,64.34,64.64,64.27,64.64,2067
20180928,64.64,64.64,64.64,64.64,0
20181001,65.05,65.33,65.05,65.33,444
20181002,64.84,64.88,64.55,64.88,2095
20181003,65.13,65.27,65.13,65.27,174
20181004,65.81,65.98,65.75,65.91,872
20181005,65.9,66.04,65.9,66.04,847
20181008,65.93,65.93,65.78,65.78,705
20181009,65.8,65.8,65.78,65.79,828
20181010,65.54,65.54,65.2,65.2,2325
20181011,64,64.01,63.37,63.39,5027
20181012,62.72,63.18,62.72,63.18,2673
20181015,63.19,63.25,63.01,63.22,2614
20181016,63.08,63.37,63.02,63.37,1022
20181017,64.37,64.51,64.29,64.47,855
20181018,64.75,64.75,64.31,64.31,3249
20181019,64.2,64.24,64.15,64.16,1134
20181022,63.88,64.02,63.76,63.99,1059
20181023,63.71,63.71,63.46,63.49,626
20181024,63.39,63.48,63.33,63.33,1826
20181025,62,62,61.75,61.84,2710
20181026,61.88,62.13,61.79,62.13,315
20181029,61.51,61.51,61.2,61.2,1464
20181030,61.5,61.7,61.5,61.61,913
20181031,62.09,62.38,62.09,62.38,611
20181101,62.32,62.32,62.03,62.1,2906
20181102,62.16,62.25,62.16,62.25,191
20181105,62,62,61.5,61.5,31626
20181106,61.5,61.5,61.5,61.5,0
20181107,61.5,61.5,61.5,61.5,0
20181108,63.08,63.21,63.01,63.01,2858
20181109,63.43,63.52,63.39,63.39,879
20181112,63.45,63.66,63.24,63.66,1441
20181113,63.27,63.27,63.14,63.15,2983
20181114,63.08,63.08,62.9,62.9,1238
20181115,62.39,62.39,61.85,61.86,3990
20181116,62.39,62.51,62.34,62.48,657
20181119,62.22,62.24,62.16,62.16,363
20181120,61.9,61.9,61.63,61.66,3294
20181121,61.69,61.69,61.4,61.55,3411
20181122,61.07,61.19,61.05,61.19,1970
20181123,60.92,61.01,60.92,61,733
20181126,61.24,61.49,61.24,61.37,4088
20181127,61.7,61.85,61.65,61.84,2183
20181128,62.45,62.46,62.4,62.46,1821
20181129,62.66,62.76,62.65,62.65,2095
20181130,62.67,62.68,62.65,62.65,1355
20181203,63.71,63.8,63.55,63.61,17014
20181204,63,63,62.65,62.65,2568
20181205,61.54,62.18,61.46,62.16,7806
20181206,62,62,61.7,61.77,1877
20181207,62.4,62.4,62.23,62.28,1616
20181210,61.42,61.42,60.86,60.86,2525
20181211,61.75,61.75,61.49,61.49,738
20181212,61.54,61.71,61.48,61.71,2062
20181213,61.8,61.93,61.8,61.88,1744
20181214,61.65,61.69,61.5,61.5,1109
20181217,61,61.28,61,61.28,1135
20181218,60.02,60.07,59.85,59.85,2950
20181219,58.99,59.22,58.99,59.11,20172
20181220,58.99,59.29,58.85,58.85,8348
20181221,57.64,57.7,57.33,57.64,3469
20181224,57.25,57.25,56.31,56.77,6033
20181227,57.34,57.46,57.2,57.4,181
20181228,58.18,58.4,58.07,58.4,3345
20181231,58.37,58.42,58.37,58.42,561
20190102,58.52,58.76,58.29,58.29,809
20190103,59.32,59.32,59.02,59.02,281
20190104,57.72,57.72,57.68,57.68,136
20190107,58.55,58.75,58.55,58.75,431
20190108,58.9,59.18,58.88,59.18,1186
20190109,59.2,59.43,59.15,59.43,1252
20190110,59.39,59.4,59.13,59.13,3842
20190111,59.48,59.56,59.26,59.26,3198
20190114,59.56,59.56,59.18,59.45,1808
20190115,59.29,59.55,59.29,59.5,276
20190116,60.03,60.15,60.03,60.15,660
20190117,60.5,60.5,60.31,60.5,2177
20190118,60.99,61.06,60.91,61.06,691
20190121,61.96,61.96,61.75,61.85,439
20190122,61.78,61.85,61.78,61.85,980
20190123,61.5,61.51,61.45,61.51,617
20190124,61.47,61.7,61.3,61.7,1091
20190125,62.06,62.19,62,62.19,1463
20190129,61.63,61.63,61.26,61.26,2478
20190130,61.68,61.68,61.07,61.07,1196
20190131,61.59,61.59,61.4,61.46,1836
20190201,61.95,62.33,61.95,62.3,4576
20190204,62.26,62.62,62.26,62.62,2832
20190205,62.89,63.05,62.48,62.48,2633
20190206,62.84,63.81,62.8,63.81,3423
20190207,64.09,64.13,64,64,911
20190208,63.72,63.76,63.49,63.67,2165
20190211,63.84,63.87,63.7,63.8,895
20190212,64,64.35,64,64.33,4321
20190213,64.91,65.21,64.91,65,2222
20190214,65.1,65.1,64.95,65.02,3649
20190215,64.87,64.87,64.74,64.8,481
20190218,65.39,65.39,65.05,65.05,325
20190219,65.47,65.57,65.35,65.57,1382
20190220,65.17,65.22,65.06,65.22,697
20190221,65.24,65.58,65,65.56,2500
20190222,65.47,65.59,65.47,65.59,296
20190225,65.67,65.7,65.6,65.7,1859
20190226,65.5,65.5,65,65.01,11034
20190227,64.85,65.02,64.73,64.97,2986
20190228,65.46,65.46,65.46,65.46,35
20190301,65.81,66.01,65.61,65.93,1017
20190304,66.5,66.8,66.5,66.55,1770
20190305,65.95,66.04,65.85,66.03,12207
20190306,65.75,66.06,65.65,66.02,5665
20190307,65.65,65.67,65.35,65.4,3801
20190308,65,65.16,65,65,2327
20190311,64.92,64.98,64.84,64.97,2288
20190312,65.43,65.7,65.43,65.7,24590
20190313,65.45,65.65,65.45,65.65,604
20190314,66.02,66.09,65.98,66.09,5341
20190315,66,66,66,66,1884
20190318,66.54,66.54,66.3,66.3,14497
20190319,66.55,66.55,66.4,66.45,13420
20190320,66.19,66.64,66.19,66.54,3321
20190321,65.96,65.96,65.43,65.54,7743
20190322,66.26,66.5,66.26,66.38,5699
20190325,67,67,64.93,64.93,3439
20190326,64.39,64.76,64.39,64.62,1747
20190327,65.09,65.5,65.05,65.47,16023
20190328,64.9,65.04,64.9,64.95,8877
20190329,65.55,65.62,65.4,65.59,1093
20190401,66,66.04,65.8,66.03,2492
20190402,66.57,66.74,66.41,66.74,7344
20190403,66.75,66.79,66.56,66.72,14720
20190404,66.71,66.75,66.5,66.71,2503
20190405,66.77,66.9,66.74,66.86,3740
20190408,67.22,67.36,67.22,67.36,1091
20190409,67.32,67.32,66.97,67.2,4609
20190410,67.5,67.5,66.71,66.87,8526
20190411,66.94,66.97,66.85,66.85,4239
20190412,67.11,67.23,67.08,67.1,5598
20190415,67.28,67.3,67.06,67.3,7902
20190416,67.31,67.61,67.15,67.61,4494
20190417,67.49,67.49,67.2,67.21,8456
20190418,66.98,66.98,66.5,66.5,5988
20190423,67.42,67.56,67.3,67.53,3082
20190424,68.26,68.81,68.1,68.74,2793
20190426,68.77,68.8,68.7,68.79,1697
20190429,69.06,69.19,69.05,69.12,4251
20190430,69.18,69.34,69.08,69.3,6049
20190501,69.47,69.54,69.4,69.54,1364
20190502,69.09,69.09,68.88,69,6037
20190503,69.25,69.43,69.25,69.3,4733
20190506,69.23,69.23,69,69.18,11841
20190507,69.3,69.3,68.67,68.95,6808
20190508,68.29,68.35,68.03,68.2,5578
20190509,68.22,68.28,68.05,68.22,4245
20190510,68.24,68.24,67.74,67.74,1131
20190513,67.74,67.74,67.59,67.63,2323
20190514,66.5,66.96,66.5,66.78,3512
20190515,67.37,67.79,67.37,67.79,1833
20190516,67.71,67.93,67.66,67.88,5320
20190517,68.75,68.94,68.6,68.7,5830
20190520,68.41,68.41,68,68.15,2914
20190521,67.62,68,67.55,67.97,4915
20190522,68.56,68.56,68.4,68.54,8346
20190523,68.28,68.41,68.2,68.25,4861
20190524,67.5,67.76,67.5,67.65,2215
20190527,67.31,67.31,67.01,67.01,13204
20190528,67.49,67.53,67.28,67.28,3358
20190529,66.61,66.61,66.15,66.3,2980
20190530,65.88,65.88,65.62,65.79,3150
20190531,65.54,65.54,65.27,65.29,10087
20190603,64.58,64.58,64.2,64.4,2462
20190604,64.58,64.78,64.47,64.5,3988
20190605,65.56,66.06,65.56,65.75,14183
20190606,66.34,66.36,66.18,66.26,4128
20190607,66.6,66.79,66.51,66.79,2116
20190611,67.59,68.07,67.59,67.93,9974
20190612,67.73,67.84,67.63,67.83,2981
20190613,68.05,68.05,67.77,68.02,3430
20190614,68.53,68.8,68.53,68.73,3420
20190617,68.7,68.78,68.68,68.76,3029
20190618,68.85,68.97,68.78,68.88,5966
20190619,69.1,69.28,69.1,69.27,5185
20190620,69.56,69.71,69.45,69.67,3372
20190621,69.63,69.63,69.34,69.34,2422
20190624,69.39,69.4,69.3,69.3,1143
20190625,68.84,68.91,68.51,68.51,8135
20190626,68.57,68.61,68.36,68.61,3509
20190627,68.1,68.29,67.98,68.29,7862
20190628,68.35,68.54,68.2,68.22,2117
20190701,69.18,69.37,69.17,69.37,5364
20190702,69.72,69.72,69.39,69.58,2123
20190703,69.3,69.4,69.17,69.17,2401
20190704,69.46,69.63,69.4,69.5,3361
20190705,69.57,69.72,69.55,69.65,2922
20190708,69.66,69.73,69.5,69.5,2215
20190709,69.36,69.5,69.36,69.42,2616
20190710,69.96,70.2,69.96,70.01,9660
20190711,70.1,70.1,70,70.09,2156
20190712,70,70.12,69.93,69.95,3607
20190715,69.99,70.07,69.91,69.95,1871
20190716,69.97,70.13,69.97,70,1901
20190717,70,70.22,69.95,70.18,2195
20190718,69.73,69.73,69.3,69.3,4053
20190719,69.66,70.11,69.66,70.07,2203
20190722,69.84,70.14,69.77,70.14,2552
20190723,70.5,70.63,70.3,70.63,1044
20190724,71.51,71.66,71.5,71.59,2423
20190725,71.91,72.33,71.88,72.32,5291
20190726,72.08,72.37,72.08,72.35,4373
20190729,72.85,72.94,72.76,72.94,5743
20190730,72.9,73.03,72.85,73.02,5834
20190731,73.15,73.15,72.75,72.75,6489
20190801,72.38,72.55,72.38,72.4,3245
20190802,72.23,72.3,72.05,72.07,1096
20190805,71.99,72,71.34,71.57,19471
20190806,69.09,70.05,68.83,69.93,6409
20190807,70.54,71.2,70.3,71.1,17127
20190808,70.24,70.69,70.24,70.5,2187
20190809,71.39,71.39,71.05,71.05,4601
20190812,71.05,71.29,71.05,71.07,2400
20190813,70.72,70.72,70.48,70.59,2392
20190814,71.08,71.38,71.01,71.38,7022
20190815,69.82,69.82,69.4,69.71,8308
20190816,69.7,69.84,69.6,69.69,4388
20190819,70.61,70.77,70.61,70.77,4622
20190820,71.48,71.49,71.16,71.22,8125
20190821,70.93,71,70.77,71,1655
20190822,71.29,71.6,71.29,71.6,3030
20190823,71.42,71.95,71.42,71.95,11194
20190826,70.03,70.04,69.51,69.6,3835
20190827,70.3,70.42,70.25,70.25,1022
20190828,69.98,70.19,69.97,70.16,1891
20190829,70.39,70.55,70.3,70.55,1178
20190830,71.4,71.9,71.4,71.85,3852
20190902,71.57,71.67,71.43,71.62,1474
20190903,71.62,72.04,71.62,71.62,3180
20190904,71.05,71.33,70.98,71.33,1959
20190905,71.75,72,71.7,71.87,1965
20190906,72.25,72.51,72.13,72.13,4263
20190909,72.48,72.57,72.33,72.33,7547
20190910,72.65,72.93,72.51,72.51,10897
20190911,72.81,73.14,72.78,73.02,9859
20190912,74.03,74.3,74,74,5367
20190913,74.03,74.16,73.93,73.98,1388
20190916,73.6,73.6,73.4,73.43,2150
20190917,73.75,74.07,73.75,74.07,1335
20190918,73.97,73.97,73.9,73.95,1441
20190919,74.21,74.51,74.21,74.46,2510
20190920,74.76,75.01,74.62,74.62,2200
20190923,75.05,75.05,74.63,74.63,2547
20190924,74.8,74.87,74.75,74.75,3861
20190925,73.71,73.71,73.37,73.57,6418
20190926,74.29,74.5,74.29,74.5,1836
20190927,74.08,74.14,73.9,74,2095
20190930,73.94,73.99,73.89,73.89,2118
20191001,74.33,75.09,74.33,74.95,3823
20191002,73.92,73.92,73.56,73.57,1736
20191003,72.49,72.49,72.11,72.24,5504
20191004,72.49,72.49,72.22,72.48,2941
20191007,72.96,73.11,72.96,73.01,3338
20191008,73.22,73.4,73.21,73.3,1556
20191009,72.32,72.37,72.24,72.3,671
20191010,72.45,72.7,72.44,72.63,30243
20191011,73.3,73.4,73.16,73.4,612
20191014,74.2,74.29,74.19,74.28,8787
20191015,74.14,74.34,74.14,74.28,5092
20191016,75.38,75.51,75.35,75.48,2604
20191017,75.05,75.05,74.51,74.75,3189
20191018,74.53,74.53,74.21,74.42,1825
20191021,74.03,74.04,73.9,74.01,2143
20191022,74.31,74.63,74.31,74.36,11155
20191023,75.03,75.18,75.01,75.18,792
20191024,75.28,75.34,75.25,75.32,3222
20191025,75.86,75.89,75.6,75.86,8298
20191028,76.1,76.49,76.1,76.48,8884
20191029,76.5,76.76,76.49,76.49,5638
20191030,76.5,76.5,76.21,76.35,6070
20191031,76.34,76.34,76.1,76.1,3689
20191101,75.97,76.01,75.71,75.75,5411
20191104,76.58,76.85,76.57,76.74,3771
20191105,77.48,77.52,77.2,77.27,12418
20191106,77.3,77.41,77.18,77.28,3078
20191107,77.41,77.52,77.25,77.4,5752
20191108,77.65,77.65,77.3,77.38,6791
20191111,78.21,78.38,78.13,78.15,4074
20191112,78.5,78.5,78.15,78.35,4886
20191113,78.35,78.43,78.04,78.36,4665
20191114,78.3,78.64,78.1,78.61,6711
20191115,78.69,78.91,78.65,78.89,4515
20191118,79.41,79.41,79.1,79.16,4468
20191119,79.2,79.6,79.15,79.35,9006
20191120,79.14,79.14,78.9,79,15188
20191121,78.89,79.05,78.8,78.93,6169
20191122,79.19,79.42,79.11,79.3,3553
20191125,79.56,79.74,79.52,79.69,8045
20191126,80.46,80.46,80.3,80.35,5103
20191127,80.46,80.47,80.32,80.47,6183
20191128,80.97,80.97,80.65,80.78,1858
20191129,80.91,80.99,80.6,80.6,2777
20191202,80.56,80.86,80.51,80.7,6398
20191203,79.61,79.61,79.15,79.2,8805
20191204,78.58,78.65,78.21,78.44,9351
20191205,78.64,78.96,78.61,78.92,6242
20191206,79.1,79.35,79.1,79.24,3536
20191209,79.7,79.78,79.69,79.77,4385
20191210,79.67,79.67,79.49,79.66,4610
20191211,79.75,79.75,79.53,79.7,1087
20191212,79.48,79.5,79.25,79.41,4191
20191213,79.78,80.02,79.74,79.8,4808
20191216,79.99,80.33,79.99,80.3,10463
20191217,80.57,80.73,80.57,80.7,10285
20191218,80.75,80.89,80.6,80.85,10656
20191219,80.85,80.96,80.55,80.55,7511
20191220,80.67,80.67,80.36,80.61,25907
20191223,80.74,81,80.74,80.87,4455
20191224,80.02,80.02,79.75,79.9,2479
20191227,79.93,79.98,79.8,79.95,2281
20191230,79.47,79.47,79.2,79.2,2026
20191231,79.25,79.25,78.69,78.69,2761
20200102,79.13,79.13,78.46,78.63,3231
20200103,78.35,79.61,78.35,79.2,4143
20200106,79.89,79.89,79.05,79.33,2410
20200107,79.6,79.98,79.6,79.8,19024
20200108,80,80.19,79.26,80.19,4594
20200109,80.8,80.85,80.65,80.84,2837
20200110,81.1,81.38,81.1,81.25,16173
20200113,81.2,81.2,80.46,80.46,11161
20200114,80.79,81.21,80.79,80.85,4561
20200115,81.01,81.01,80.64,80.64,6791
20200116,80.75,81.1,80.74,81.07,7214
20200117,81.06,81.78,81.06,81.72,18771
20200120,82.48,82.48,81.65,81.72,4645
20200121,81.8,81.81,81.47,81.47,5590
20200122,81.87,82.4,81.87,82.4,8137
20200123,82,82.5,81.5,81.74,6553
20200124,82.5,82.5,81.87,82.06,3069
20200128,81.3,81.3,80,80.95,5874
20200129,80.95,81.62,80.95,81.6,4539
20200130,81.5,81.5,81.02,81.02,7585
20200131,82.25,82.46,82.2,82.39,2226
20200203,82.03,82.03,80.9,81.09,4226
20200204,82,82,81.3,81.6,4514
20200205,81.79,82.5,81.79,82.41,5724
20200206,83.49,83.73,83.3,83.7,8689
20200207,84.6,84.6,83.62,83.75,5935
20200210,83.8,83.8,83.34,83.5,4433
20200211,83.91,84.05,83.68,83.98,7258
20200212,84.2,84.2,83.81,83.93,2558
20200213,84.07,84.17,84,84.02,5677
20200214,84.28,84.42,84.22,84.3,3094
20200217,84.3,84.51,84.3,84.43,2657
20200218,84.47,84.6,84.23,84.6,1350
20200219,85,85,84.33,84.53,5830
20200220,84.8,85.36,84.64,85.17,2596
20200221,85,85.37,85,85.35,4141
20200224,85.09,85.09,83.69,83.75,9109
20200225,80,82.76,80,82.68,39070
20200226,80.22,80.49,80.02,80.49,13821
20200227,81.05,81.05,78.85,78.9,22278
20200228,76.23,77.17,76,76.27,31950
20200302,76.01,77.39,75.09,77.14,49410
20200303,79.47,79.95,78.8,79.1,16296
20200304,77.74,77.74,76,77.37,12726
20200305,79.03,79.03,78.47,78.5,9990
20200306,77.58,77.58,75.58,75.58,17501
20200309,73.83,74,71.8,73.13,10822
20200310,70.86,71.39,69.01,71.24,13137
20200311,73.13,73.13,71.33,71.33,11637
20200312,70.75,70.75,67.5,68.59,9295
20200313,66.36,66.36,63.52,65.18,23167
20200316,67.91,68.85,65,67,8786
20200317,65.17,68.3,65.17,68.19,6194
20200318,69.5,69.63,67.97,68.25,14345
20200319,70.58,72.3,70.18,70.61,13500
20200320,70.57,71,69.42,70.75,21603
20200323,67.22,67.22,62,65.4,32283
20200324,65.4,66.39,65,65.9,39212
20200325,68.53,70,67.64,67.64,8464
20200326,70.15,71.76,70.15,70.3,10244
20200327,73.6,73.6,71.29,71.64,10916
20200330,69.84,69.93,68.23,69.93,6931
20200331,70.54,72.48,70.54,71.26,7379
20200401,70.61,70.9,70.4,70.47,9879
20200402,70.06,70.06,68.8,69.3,6837
20200403,70.16,70.16,69.21,69.3,6744
20200406,71.6,72.13,71.21,71.9,2552
20200407,72.51,73.5,72.47,72.93,6841
20200408,72.38,73.15,72,72.73,10728
20200409,75.96,75.96,74.2,74.64,7047
20200414,74.37,74.37,72.68,73.59,5502
20200415,74.25,74.5,74.05,74.5,3472
20200416,74.28,74.34,73.13,73.69,8766
20200417,74.69,76,74.69,75.16,75160
20200420,75.5,76.13,75.5,75.69,11075
20200421,75.24,75.68,74.78,74.8,3259
20200422,74.92,74.92,73,73.51,4053
20200423,74.26,74.33,74,74,5190
20200424,73.4,73.52,73.05,73.52,12635
20200427,73.54,74.71,73.54,74.71,9188
20200428,74.72,75.49,74.72,75.28,10547
20200429,75.69,76.02,75.58,75.65,12154
20200430,76.39,78.02,76.39,77.71,22595
20200501,77.59,77.59,75.7,76.23,14697
20200504,75.56,75.56,74.2,74.7,6417
20200505,74.82,75,74.59,74.72,14775
20200506,75,75.39,74.96,75.39,6763
20200507,75.4,75.4,75.1,75.15,12355
20200508,75.2,75.23,74.86,75.23,4628
20200511,76.31,76.31,76,76,3914
20200512,76.56,76.57,76.05,76.05,4426
20200513,75.18,75.18,73.71,74.15,10880
20200514,73.93,73.93,72.98,73.01,10184
20200515,73.14,74.39,73.14,74.3,9762
20200518,75,75.08,74.67,74.97,12844
20200519,76,76.3,76,76.3,2471
20200520,76.28,76.29,75.46,75.79,4863
20200521,76.42,76.62,76.42,76.59,2792
20200522,76.99,76.99,75.84,75.88,3327
20200525,76.91,77.22,76.87,77.22,2099
20200526,77.51,77.68,77.25,77.63,8348
20200527,78.37,78.37,76.47,77.66,8044
20200528,79,79.3,79,79.3,6935
20200529,79.63,79.63,78.1,78.1,2981
20200601,78,78,77.4,77.4,5605
20200602,77.01,77.01,76.5,76.51,3536
20200603,76.65,76.69,75.88,76.32,17856
20200604,77.53,78.01,77.53,77.9,1423
20200605,79.09,79.09,77.1,77.85,13675
20200609,79.31,80.99,79.31,80.99,6185
20200610,80.95,80.95,80.25,80.26,3700
20200611,78.67,78.91,78.31,78.66,5946
20200612,76.48,76.48,75.9,75.96,31619
20200615,75.61,75.83,74.94,74.94,20171
20200616,75.66,77.94,75.66,77.18,5052
20200617,77.94,78.42,77.94,78.33,1456
20200618,77.54,77.54,77.25,77.34,1512
20200619,77.94,78.11,77.81,78,3515
20200622,77.48,77.65,77.2,77.42,3453
20200623,77.26,77.26,76.59,77.07,1978
20200624,76.54,76.81,76.45,76.72,4926
20200625,75.45,76,74.94,74.95,1517
20200626,75.48,75.66,75.44,75.49,9926
20200629,74.11,74.28,73.81,73.92,10072
20200630,75.21,75.61,75.21,75.42,2432
20200701,76.92,76.92,75.49,75.63,4914
20200702,77.12,77.12,75.57,75.65,1814
20200703,76.14,76.27,76.02,76.14,4394
20200706,76,76.67,76,76.47,5005
20200707,76.5,76.7,76.4,76.48,3918
20200708,75.95,76.03,75.65,75.65,1973
20200709,75.65,75.74,75.54,75.58,5315
20200710,75.29,75.29,74.6,74.6,9222
20200713,76.33,76.43,76.26,76.3,7060
20200714,76,76.23,75.86,75.9,3769
20200715,76.43,76.51,76.2,76.42,10107
20200716,76.93,77.34,76.93,77.14,2513
20200717,77.09,77.09,76.84,76.84,5640
20200720,76.93,76.93,76.56,76.69,4429
20200721,76.66,76.85,76.4,76.85,7779
20200722,76.32,76.48,76,76,1636
20200723,76.07,76.3,76.07,76.09,1875
20200724,76.35,76.55,76,76.07,5945
20200727,75.53,75.69,75.3,75.31,8224
20200728,75.34,75.63,75.33,75.41,3843
20200729,75.3,75.3,74.9,74.96,3033
20200730,75.51,75.9,75.51,75.72,6774
20200731,75.5,75.5,74.85,74.85,2161
20200803,75.2,75.31,74.91,74.91,3494
20200804,75.84,76,75.84,75.91,2704
20200805,75.9,75.9,75.19,75.19,1565
20200806,75.56,75.8,75.56,75.58,3471
20200807,76,76,75.06,75.36,2160
20200810,76.41,76.74,76.41,76.74,3754
20200811,77.3,77.42,77.15,77.3,3455
20200812,77.55,77.8,77.4,77.8,3491
20200813,77.46,77.46,77.16,77.28,35272
20200814,77.74,77.99,77.74,77.75,1678
20200817,77.5,77.5,77.2,77.4,8590
20200818,77.1,77.13,76.8,76.85,3075
20200819,76.8,76.85,76.61,76.7,2653
20200820,76.99,76.99,76.7,76.79,2162
20200821,76.8,76.97,76.73,76.87,4756
20200824,76.96,76.97,76.84,76.94,2760
20200825,77.63,78.22,77.63,78.22,3636
20200826,78.02,78.02,77.78,77.9,16027
20200827,78,78.1,77.99,78.01,3822
20200828,78.28,78.57,78.27,78.3,6192
20200831,78.15,78.25,77.95,78,24813
20200901,77.04,77.04,76.7,76.71,5405
20200902,77.62,78.18,77.62,77.96,3892
20200903,79.14,79.55,79.14,79.35,2556
20200904,79,79,77.8,78.17,20028
20200907,77.39,77.39,77.16,77.26,2680
20200908,77.8,77.9,77.66,77.87,1373
20200909,75.95,76.34,75.51,76.34,16859
20200910,76.34,76.34,76.1,76.2,2100
20200911,75.84,75.91,75.7,75.91,2814
20200914,76.28,76.35,75.92,76.27,11944
20200915,76.16,76.57,76.16,76.18,1251
20200916,76.5,76.68,76.4,76.59,1422
20200917,76.68,76.74,76.14,76.25,7400
20200918,75.94,75.94,75.68,75.92,2240
20200921,76,76,74.81,74.81,6663
20200922,74.81,74.89,74.61,74.61,702
20200923,75.58,76.11,75.58,76.11,3435
20200924,75.14,75.6,74.94,75.6,3994
20200925,76,76,75.6,75.6,3503
20200928,76.53,76.96,76.45,76.71,1118
20200929,77.4,77.79,77.4,77.69,3065
20200930,76.51,76.72,75.79,75.79,13452
20201001,76.28,76.63,76.28,76.34,1229
20201002,76.48,76.53,75.52,75.6,10013
20201005,76.91,76.91,76.65,76.72,1902
20201006,77.05,77.86,77.05,77.36,5387
20201007,77.09,77.77,77.09,77.5,880
20201008,77.87,78.95,77.87,78.93,4322
20201009,79.76,79.79,79.63,79.7,7342
20201012,79.4,79.48,79.28,79.4,4602
20201013,79.43,80.35,79.43,80.25,1833
20201014,80.11,80.11,79.78,79.95,4161
20201015,79.79,79.79,79.26,79.28,3108
20201016,80.06,80.78,80.06,80.5,3635
20201019,80.5,80.82,80.5,80.8,6143
20201020,80.27,80.32,80.25,80.32,695
20201021,80.02,80.11,79.84,79.95,1751
20201022,78.96,78.96,78.38,78.66,11006
20201023,79,80.09,79,79.77,3548
20201026,79.55,79.55,78.76,78.82,4972
20201027,77.88,77.91,77.75,77.8,2518
20201028,77.8,77.8,76.34,76.34,6383
20201029,76.4,76.4,75.7,76.04,5012
20201030,76.04,76.04,75.16,75.16,3403
20201102,75.16,76.06,75.16,76,6931
20201103,76.7,76.87,76.28,76.77,4999
20201104,76.81,78.23,76.45,77.98,8411
20201105,78,78.29,77.62,78.29,8828
20201106,78.1,78.1,77.46,77.46,5949
20201109,78,78.65,77.6,77.96,13302
20201110,80.25,80.68,79.4,79.4,10199
20201111,80.8,80.99,80.33,80.43,6552
20201112,80.2,82.1,80.2,80.34,8492
20201113,80.39,80.39,79.81,80.03,3948
20201116,80.65,80.65,80.65,80.65,9500
20201117,82.19,82.24,81.69,81.81,11790
20201118,82.33,82.54,82.31,82.48,4174
20201119,82.29,82.29,81.5,81.7,5561
20201120,81.95,82.05,81.7,81.82,5655
20201123,82.05,82.05,81.5,81.62,3496
20201124,82.5,83.49,82.5,83.39,3313
20201125,83.89,84.7,83.89,84.35,4554
20201126,84.2,84.2,83.57,83.57,1915
20201127,84.9,84.95,83.39,83.46,2685
20201130,83.81,83.81,83.14,83.22,4060
20201201,83.22,83.86,83.22,83.7,3743
20201202,84.23,84.23,83.3,83.4,8132
20201203,84.06,84.13,83.37,83.5,6311
20201204,83.51,83.9,83.51,83.85,2752
20201207,84.73,84.93,84.66,84.77,3291
20201208,84.77,84.99,84.14,84.31,6537
20201209,84.35,85.5,84.35,85.28,6600
20201210,85.3,85.3,84.01,84.04,9869
20201211,84.03,84.03,82.64,82.89,8693
20201214,84.59,84.59,82.9,83.45,3379
20201215,83.44,83.44,82.6,82.83,4826
20201216,83.01,83.13,82.96,83.06,5615
20201217,83.1,83.1,82.75,82.89,5242
20201218,83.11,83.13,82.4,82.63,3901
20201221,82.62,82.62,82,82.2,6372
20201222,82.36,82.36,80.84,80.94,9375
20201223,82.57,82.57,80.61,80.88,3525
20201224,81.26,81.41,81.26,81.3,1460
20201229,82.27,84,81.46,81.62,7936
20201230,81.59,81.59,80.74,80.74,2080
20201231,80.49,80.5,80.08,80.33,1835
20210104,80.33,81.13,80.17,80.54,3795
20210105,80.37,80.37,79.51,79.51,5733
20210106,78.8,80.64,78.8,79.57,3412
20210107,80.64,81.8,80.64,81.56,4502
20210108,82.2,82.88,82.2,82.85,3949
20210111,82.84,82.84,82.47,82.54,5654
20210112,82.54,83.59,82.54,83.37,2274
20210113,84.2,84.2,83.07,83.34,1128
20210114,83.4,83.49,83.03,83.4,2808
20210115,83.7,83.7,83.05,83.09,3189
20210118,84.32,84.32,83,83.07,2697
20210119,83.13,84.1,83.13,83.36,1475
20210120,83.86,84.4,83.76,83.76,5396
20210121,84.3,84.3,83.6,83.75,4006
20210122,83.89,83.89,83.08,83.42,3254
20210125,83.97,83.97,83.07,83.1,4201
20210127,83.09,83.09,81.68,81.7,4600
20210128,81.64,81.64,80.15,80.92,8679
20210129,81.74,81.74,80.86,81.25,3729
20210201,80.5,80.89,79.98,80.75,2701
20210202,81.04,82.12,81,82.12,2018
20210203,83.1,83.69,83.1,83.5,1724
20210204,83.5,83.5,82.9,83,3871
20210205,84.62,85.14,84.55,85.01,4743
20210208,85.39,85.39,84.6,85.02,8855
20210209,85.12,85.12,84.7,84.75,6083
20210210,85.12,85.39,84.98,85.39,5706
20210211,85.4,85.4,85.01,85.34,1349
20210212,85.32,85.44,85.14,85.41,1193
20210215,85.76,86.16,85.76,86,4436
20210216,86.1,86.1,85.95,86.05,4579
20210217,86.13,87.67,85.96,86.11,1003
20210218,86.05,86.35,85.95,86.17,1860
20210219,86.17,86.17,85.31,85.38,6889
20210222,85.46,86,84.75,84.81,4385
20210223,85,85.6,84.36,84.81,3032
20210224,84.99,84.99,84.14,84.23,8873
20210225,84.98,85.65,84.98,85.62,7893
20210226,84.18,84.75,84.14,84.57,10804
20210301,85.9,85.9,84.86,85,4267
20210302,86.24,86.24,85.91,86,3479
20210303,85.94,85.94,84.8,85.23,6169
20210304,85.25,85.25,84.52,84.53,3404
20210305,84.21,85,84.21,84.84,3120
20210308,86.92,87.31,86.52,86.81,4288
20210309,87.2,87.96,87.2,87.95,5204
20210310,87.85,87.89,86.84,87.24,4078
20210311,88.16,88.16,87.86,88.09,1943
20210312,88.1,88.95,87.6,87.85,3675
20210315,88.86,88.98,88.52,88.8,3139
20210316,88.8,88.8,88.5,88.7,3484
20210317,88.75,88.75,88.46,88.46,2440
20210318,88.71,88.71,88.23,88.42,3904
20210319,88.5,88.98,88.29,88.56,2595
20210322,90,90,88.45,88.49,2599
20210323,88.58,89.67,88.58,89.27,9285
20210324,91.23,91.23,89.23,89.64,18430
20210325,90,90,89.35,89.65,20328
20210326,90.65,90.65,90.02,90.24,9963
20210329,90.72,91.4,90.68,90.75,6576
20210330,91.35,91.39,91,91.03,25097
20210331,91,91.32,91,91.29,7961
20210401,91.45,91.96,91.3,91.96,7242
20210406,92.15,93.49,92.15,92.41,12677
20210407,92.52,92.54,92.25,92.47,12106
20210408,94.32,94.32,92.65,92.85,11565
20210409,92.95,93.25,92.68,93.25,6256
20210412,93.36,93.75,93.36,93.65,7899
20210413,95,95,93.65,93.94,4495
20210414,93.61,93.61,92.9,93.16,9874
20210415,93.48,93.48,92.26,92.8,3705
20210416,93.01,93.26,92.9,92.95,4290
20210419,94.09,94.21,93.4,93.4,6401
20210420,93.32,93.66,92.35,92.35,7263
20210421,92.63,92.96,92.35,92.77,7372
20210422,93.95,93.95,93.02,93.22,20864
20210423,93.21,93.21,93,93.04,4629
20210426,93.21,93.21,92.81,93,4261
20210427,93.01,93.16,92.85,93.09,8786
20210428,93.22,93.8,93.22,93.63,4091
20210429,93.63,93.98,93.25,93.68,8374
20210430,94,94,92.95,92.95,3017
20210503,94,94,93.7,93.78,7502
20210504,94,94,93.42,93.77,4300
20210505,93.7,93.7,93.6,93.67,5417
20210506,93.68,93.68,93.17,93.38,5715
20210507,93.68,93.9,93.44,93.65,7500
20210510,93.7,93.7,93.15,93.22,12862
20210511,93.22,93.22,92.5,92.5,8241
20210512,93.28,93.29,92.05,92.5,6494
20210513,93.03,93.03,92.2,92.36,5053
20210514,92.52,93.83,92.52,93.6,6461
20210517,94.74,94.74,93.75,93.97,3065
20210518,94,94.12,93.6,93.95,6573
20210519,93.77,93.77,92.69,92.99,2306
20210520,93.5,93.54,93.12,93.3,2215
20210521,93.55,94.12,93.55,94.05,1500
20210524,94.29,94.85,94.29,94.45,1722
20210525,95,95,94.5,94.69,3055
20210526,94.85,94.85,93.85,93.98,13095
20210527,95.25,95.25,94.06,94.06,6530
20210528,95.12,95.22,94.9,95.22,6000
20210531,96.1,96.1,95,95.22,3497
20210601,96.99,97,94.44,95.03,5784
20210602,95.4,95.4,94.4,94.47,4887
20210603,95,95.18,94.8,95.18,3175
20210604,96,96,95.46,95.94,1989
20210607,95.95,95.95,95.54,95.6,6480
20210608,95.95,96.47,95.95,96.39,3878
20210609,96.57,96.6,96.3,96.54,6344
20210610,97,97,96.47,96.47,4506
20210611,96.88,96.96,96.67,96.85,4808
20210615,96.85,97.73,96.85,97.45,9729
20210616,97.94,97.94,97.4,97.53,9031
20210617,97.72,97.72,97.1,97.39,6125
20210618,97.87,98.59,97.85,98.35,6729
20210621,97.69,97.69,96.72,96.94,7967
20210622,98.59,98.63,98,98.5,4082
20210623,98.53,98.53,98.16,98.25,9094
20210624,98.09,98.09,97.34,97.45,6281
20210625,97.52,98,97.52,97.6,11119
20210628,98.2,98.21,97.88,97.88,3811
20210629,98.51,98.51,98.07,98.34,5304
20210630,99.37,99.37,98.43,98.43,5917
20210701,98.92,99.5,98.92,99.13,6739
20210702,100,100.05,99.7,99.8,6929
20210705,99.81,99.81,99.42,99.42,15859
20210706,99.73,99.73,98.74,98.74,9630
20210707,99.51,99.75,99.44,99.57,14655
20210708,100.09,100.52,100.09,100.27,6381
20210709,100.49,100.5,100.15,100.22,8937
20210712,100.39,100.48,100.34,100.39,7707
20210713,100.6,100.6,99.93,100.02,9225
20210714,100.33,100.33,99.75,99.79,7326
20210715,100.23,100.24,99.82,99.82,6344
20210716,99.92,100.23,99.92,99.96,9999
20210719,100.04,100.47,100,100,3890
20210720,100.15,100.29,99.96,100.29,5412
20210721,101.77,101.92,101.33,101.92,6616
20210722,102.08,102.12,101.66,101.73,11775
20210723,102.05,102.05,101.59,101.85,10055
20210726,102.78,102.78,102,102.42,8896
20210727,102.62,102.62,102.15,102.36,7242
20210728,102.38,102.83,102.38,102.78,5378
20210729,103,103,102.5,102.5,5549
20210730,102.46,102.46,102.01,102.2,11977
20210802,103.65,103.65,103.19,103.31,4793
20210803,102.93,102.93,102,102,8341
20210804,102.96,102.96,102.33,102.54,10466
20210805,102.15,102.28,102.05,102.05,4973
20210806,102.44,102.55,102.2,102.4,4081
20210809,103.34,104.19,103.19,103.3,13427
20210810,104.3,104.33,103.22,103.24,9241
20210811,103.2,103.84,103.13,103.27,15238
20210812,103.6,103.6,102.9,103.01,5100
20210813,103.58,103.6,103.36,103.51,2610
20210816,104.18,104.18,103.2,103.59,6936
20210817,103.76,104.09,103.76,103.9,12663
20210818,104.49,104.97,104.49,104.82,3869
20210819,104.8,104.8,103.8,104.17,9375
20210820,104.82,105.11,104.82,105.1,4677
20210823,106.81,106.81,105.64,105.76,11148
20210824,106.49,106.49,105.34,105.45,16176
20210825,105.69,105.69,105.1,105.38,7419
20210826,105.41,105.41,104.8,105.06,7636
20210827,105.5,105.54,105.02,105.15,7464
20210830,105.28,105.28,104.65,104.96,6071
20210831,105.25,105.42,104.9,104.99,11863
20210901,105,105.24,104.78,104.86,12579
20210902,105.02,105.02,103.89,103.89,14166
20210903,104.45,104.45,103.81,103.81,9158
20210906,103.77,103.77,103.1,103.62,7592
20210907,103.64,103.81,103.2,103.74,9817
20210908,103.09,103.26,103,103.26,8466
20210909,103.29,103.88,103.2,103.35,7070
20210910,103.43,103.43,102.41,102.59,9436
20210913,102.59,102.6,102.18,102.39,11368
20210914,102.91,102.91,102.07,102.6,6944
20210915,102.7,102.79,102.3,102.34,6035
20210916,102.7,103.32,102.7,103.32,6433
20210917,103.49,103.49,102.92,103,8510
20210920,103.25,103.25,102.24,102.25,8614
20210921,102.03,102.03,101.34,101.42,5431
20210922,101.87,101.87,100.81,101.48,6751
20210923,102.58,102.91,102.55,102.61,7230
20210924,103.49,103.49,102.92,103.19,6396
20210927,103.8,103.96,103.69,103.96,5327
20210928,103.16,103.45,102.87,102.96,6684
20210929,102.3,102.6,102.07,102.36,10439
20210930,102.96,103.69,102.96,103.65,5859
20211001,101.98,101.98,100.95,101.17,12098
20211004,102.01,102.95,101.74,101.96,4292
20211005,101.8,101.8,100.85,101.33,6292
20211006,101.56,101.99,101.27,101.41,4776
20211007,102.01,102.99,102.01,102.34,14878
20211008,102.36,102.88,102.36,102.83,9263
20211011,102.88,102.88,101.88,102.13,13699
20211012,102.2,102.2,101.33,101.35,4941
20211013,101.49,101.72,101.22,101.71,7073
20211014,101.74,102.09,101.74,101.86,5850
20211015,101.96,102.98,101.96,102.76,5274
20211018,103,103.5,102.9,103.39,37994
20211019,103.58,103.58,102.4,102.4,41992
20211020,102.99,102.99,102.3,102.3,6478
20211021,102.62,102.62,101.55,101.87,11808
20211022,101.95,102.84,101.95,102.52,11979
20211025,102.69,102.69,101.94,102.1,8868
20211026,102.19,102.33,101.98,101.98,10657
20211027,101.81,101.83,100.7,100.8,17880
20211028,100.8,100.8,100.01,100.28,11150
20211029,100.47,100.78,100.26,100.26,5743
20211101,101.04,101.94,101.04,101.39,3402
20211102,101.4,101.73,101.22,101.62,4960
20211103,102.01,103.29,102.01,102.99,5724
20211104,103.09,103.71,103.09,103.7,10749
20211105,104.3,105.4,104.29,105.15,15390
20211108,105.46,105.86,105.46,105.6,8621
20211109,105.69,105.69,105.08,105.14,7878
20211110,105.7,105.7,105.34,105.52,5336
20211111,105.58,106.11,105.55,106,6370
20211112,106.02,106.49,106.02,106.38,5484
20211115,106.87,106.87,106.01,106.1,5274
20211116,106.84,106.84,105.83,106.04,10463
20211117,106.14,106.83,106.14,106.29,5069
20211118,106.77,106.77,106,106,12680
20211119,106.19,106.2,105.85,106.19,6546
20211122,105.99,105.99,105.77,105.77,6026
20211123,105.5,105.83,105.39,105.55,6093
20211124,105.49,105.83,105.26,105.83,10741
20211125,106,106.14,105.9,106.14,6706
20211126,106.29,106.29,105.59,105.59,6521
20211129,104.77,105.51,104.51,105.26,11929
20211130,105.45,105.45,104.85,105.09,5041
20211201,104.8,104.8,103.11,103.14,8939
20211202,102.06,102.63,101.92,102.63,3805
20211203,104.04,104.25,103.66,104.08,6728
20211206,104.01,105.3,104.01,105.05,7115
20211207,106,106.27,105.31,105.49,2932
20211208,106.13,106.25,105.81,105.95,4635
20211209,106,106,105.33,105.33,7782
20211210,105.31,105.87,105.05,105.11,4790
20211213,105.11,105.65,105.11,105.57,5827
20211214,105.95,106.64,105.85,106.51,7258
20211215,106.43,106.43,105.51,105.85,4552
20211216,106,106.51,105.8,106.4,11056
20211217,106.39,106.39,105.54,105.8,6701
20211220,106,106.19,103.61,104.85,4963
20211221,104.3,104.3,103.75,103.95,10423
20211222,104.99,105.18,104.31,104.89,4286
20211223,104.13,104.7,104.09,104.42,4027
20211224,106.54,107.1,103.7,104.25,4595
20211229,105.41,106.02,105.41,105.75,6018
20211230,105.76,105.98,105.28,105.46,924
20211231,105.89,105.89,104.83,105.21,2571
20220104,106.33,106.51,106.14,106.26,4114
20220105,106.25,106.25,105.75,106.12,4718
20220106,105.55,105.55,104.84,104.97,2455
20220107,106.5,106.79,106.15,106.34,3011
20220110,106.4,106.4,105.29,105.49,2302
20220111,105.5,106.25,105.5,105.97,5027
20220112,106.19,106.74,106.19,106.5,13220
20220113,106.02,106.03,105.32,105.32,5639
20220114,105.46,105.46,104.89,105.02,2531
20220117,105.57,106.97,105.57,106.58,5905
20220118,106.72,106.8,106.57,106.57,5976
20220119,105.84,105.84,104.77,104.8,13652
20220120,104.36,104.44,103.46,103.9,7885
20220121,102.39,102.52,101.87,102.49,19544
20220124,101.65,102.37,101.1,102.37,8126
20220125,102.11,102.49,101.58,101.76,7554
20220127,101.64,101.83,100.25,100.51,17662
20220128,102.82,102.99,102.49,102.8,25241
20220131,103.93,105.13,103.93,104.64,10153
20220201,105.36,105.36,104.72,105.04,7176
20220202,105.56,105.56,104.86,105.31,14819
20220203,105.31,106.12,103.6,104.65,17697
20220204,103.69,103.69,102.3,103.18,9553
20220207,103.66,103.96,103.41,103.59,19519
20220208,103.29,103.29,102.53,102.87,8491
20220209,103.46,103.65,103.33,103.5,9631
20220210,104.27,104.41,104.07,104.07,10814
20220211,103.5,103.5,102.89,103.19,11959
20220214,102.94,103.25,102.5,103.19,11761
20220215,102.94,102.94,102.35,102.5,6184
20220216,103.45,103.45,102.92,103.19,13148
20220217,103.19,103.19,102.4,102.58,9650
20220218,101.6,101.6,100.57,101.34,6190
20220221,100.67,100.67,100.07,100.43,4995
20220222,99.45,99.54,98.74,99,22224
20220223,98.52,99.91,98.52,99.6,12738
20220224,98.46,98.46,96.79,97,16713
20220225,97.87,100.06,97.87,99.31,22709
20220228,100.72,100.97,100,100.36,12972
20220301,101,101.82,100.84,101.25,3774
20220302,100.77,100.77,99.87,100.14,6557
20220303,100.75,101.14,100.59,100.7,13130
20220304,100.44,100.44,98.77,98.82,31278
20220307,99.1,99.1,96.64,97.24,22008
20220308,97.25,97.51,96.8,97.16,26359
20220309,96.79,97.04,96.26,97.04,4447
20220310,98,98.17,97.44,98,6306
20220311,97.19,97.19,96.38,96.55,5556
20220314,97.15,97.24,96.51,97.22,5881
20220315,97.85,97.85,97.18,97.52,6119
20220316,98.38,98.97,98.34,98.6,10231
20220317,98.95,99.59,98.4,98.5,15189
20220318,99.04,99.04,98.37,98.44,7235
20220321,98.44,100,98.42,99.62,5906
20220322,99.7,99.7,99.07,99.3,4844
20220323,99.3,100,99.3,99.91,27165
20220324,99,99,97.97,98.52,7098
20220325,99.44,99.44,99.08,99.44,6463
20220328,99.78,99.78,98.95,98.98,6972
20220329,99.49,100.41,99.49,100.32,9956
20220330,100.32,101.93,100.32,101.41,6956
20220331,101.44,101.51,100.9,101.41,13786
20220401,100.54,100.54,100,100.2,6380
20220404,100.62,100.62,99.89,100.16,8926
20220405,100.34,100.51,99.4,99.43,7436
20220406,98.87,98.87,98.21,98.5,7538
20220407,98.65,98.65,97.97,98.52,3923
20220408,99.92,99.92,99.09,99.47,1353
20220411,100.01,100.01,98.45,98.5,4935
20220412,98.79,98.79,97.89,97.95,15463
20220413,98.5,98.51,97.88,98.5,4270
20220414,98.6,99,98.6,98.9,10085
20220419,98.99,98.99,98.44,98.44,5302
20220420,99.96,100.07,99.53,99.53,7224
20220421,99.54,99.77,99.53,99.57,4040
20220422,98.95,98.95,98.15,98.88,6864
20220426,99.59,99.88,99.2,99.2,8532
20220427,98.18,98.18,97.47,97.47,12773
20220428,98.98,99.34,98.44,99.14,15649
20220429,99.81,100.35,99.78,99.78,6163
20220502,98.34,98.77,97.7,98.36,4217
20220503,98.18,98.98,97.69,98.1,13103
20220504,98.39,98.4,97.97,98.22,4790
20220505,98.22,99.36,98.22,99.23,5621
20220506,98.19,98.19,97.25,98.07,6397
20220509,97,97,96.3,96.7,15812
20220510,96.85,96.85,95.51,96.15,15008
20220511,96,96,95.44,95.58,4800
20220512,95.11,95.11,94.35,94.56,9644
20220513,94.56,96.91,94.56,96.5,7673
20220516,97.5,97.88,97.29,97.68,6168
20220517,97.17,97.17,96.51,96.63,6168
20220518,98.03,98.07,97.64,97.77,14301
20220519,94.85,95,94.11,94.48,11491
20220520,94.41,94.83,93.97,94.44,6727
20220523,94.53,94.53,93.8,93.8,9827
20220524,94,94,93.5,93.52,8583
20220525,93.8,94.09,93.66,93.94,4686
20220526,95,95.16,94.94,94.99,2336
20220527,96.15,96.22,95.53,95.53,1486
20220530,97.18,97.5,96.95,97.45,4148
20220531,97.47,97.47,96.72,96.74,4661
20220601,96.92,96.92,96.4,96.66,3540
20220602,95.74,95.92,95,95.73,3352
20220603,96.26,96.97,96.19,96.7,2464
20220606,96.18,96.33,95.78,96.29,3706
20220607,96.03,96.15,95,95.31,4046
20220608,95.99,96.8,95.99,96.47,5468
20220609,96.14,96.26,95.85,95.89,1350
20220610,95.2,95.5,94.63,94.71,4651
20220614,90.97,91.56,90.73,91.38,11278
20220615,91.48,91.8,90.7,90.75,6442
20220616,91.59,91.59,90.58,90.58,9137
20220617,87.39,88.3,87.21,88.03,25263
20220620,89.82,90.25,89.13,89.27,13156
20220621,89.54,90.5,89.54,90.24,7042
20220622,90.5,90.73,90.14,90.25,5727
20220623,90.94,91.88,90.94,91.85,8397
20220624,92.87,94.09,92.87,93.94,7265
20220627,95.51,97.01,95.51,96.61,10835
20220628,96.18,96.18,95.52,95.93,4353
20220629,93.98,93.98,93.6,93.84,2642
20220630,93.59,93.95,92.73,92.73,5444
20220701,92.68,92.75,92.2,92.63,2727
20220704,94.03,94.16,93.68,93.76,2521
20220705,94.12,94.2,93.85,94.11,5770
20220706,96.26,96.26,95.47,95.85,5205
20220707,95.98,96.4,95.77,95.99,6407
20220708,96.62,96.97,96.4,96.62,8172
20220711,96.28,96.53,95.99,96.15,3238
20220712,96.72,96.72,96,96.15,3481
20220713,95.94,95.94,95.29,95.47,2289
20220714,95,95,94.42,94.6,2313
20220715,94.99,95.1,94.72,94.9,2070
20220718,95.45,96.34,95.45,96.34,3748
20220719,97.12,97.12,94.75,94.87,2143
20220720,97.02,97.47,96.89,97.03,7390
20220721,98.12,98.41,98,98.2,7706
20220722,99.03,99.05,98.59,98.9,8895
20220725,98.46,98.46,97.97,98.13,3161
20220726,97.45,97.45,96.48,96.87,4998
20220727,96.33,96.51,96,96.43,4055
20220728,96.5,97.72,96.5,97.55,5863
20220729,99.19,99.6,99,99.5,3418
20220801,99.6,100.66,99.6,99.89,3831
20220802,99.87,100.18,99.41,100.15,3262
20220803,100.78,101.21,100.78,100.85,5630
20220804,101.49,103,101.49,102.53,11297
20220805,103.12,103.28,103.02,103.16,2347
20220808,103.39,103.39,102.95,103.1,3044
20220809,103,103,102.45,102.84,2905
20220810,102.1,102.1,101.25,101.3,3486
20220811,102.79,103.1,102.79,102.95,9563
20220812,102.86,102.86,102,102,7339
20220815,102.02,104,102.02,103.96,5962
20220816,105.47,105.8,105.15,105.15,14185
20220817,105.8,105.94,105.49,105.69,6226
20220818,105.43,105.53,104.93,105.2,4121
20220819,105.67,106,105.58,105.64,3733
20220822,106.3,106.3,103.24,103.31,6041
20220823,102.13,102.13,101.2,101.3,7225
20220824,100.89,100.9,100.23,100.49,3134
20220825,100.91,101.18,100.5,100.65,3880
20220826,102.24,102.24,101.65,101.82,4304
20220829,97.93,98.65,97.68,98.25,8064
20220830,98,98.37,97,98.07,8406
20220831,98.06,98.28,97.82,97.82,3112
20220901,96.83,97.09,96.54,96.54,13259
20220902,97.51,97.78,97.35,97.49,4828
20220905,97.12,97.12,96.58,96.74,4945
20220906,96.74,96.97,96.61,96.68,1948
20220907,96.99,97.06,96.38,96.85,19726
20220908,98.64,99.07,98.64,98.83,4251
20220909,99.83,99.85,98.74,98.74,5417
20220912,100.18,100.53,100.02,100.06,6602
20220913,100.2,101,100.2,101,8082
20220914,98.2,98.2,97.7,98.1,5091
20220915,98.48,98.48,97.7,97.84,5890
20220916,98,98,96.09,96.43,11753
20220919,96.27,96.27,95.59,95.65,3200
20220920,96.2,96.83,96.19,96.76,3162
20220921,96.5,96.5,95.04,95.28,22677
20220923,95,95,92.7,92.89,8207
20220926,92.67,92.98,92.44,92.8,5869
20220927,92.96,93.19,92.74,92.74,4029
20220928,93.94,98,93.31,93.93,12128
20220929,95.09,95.81,95.09,95.52,7342
20220930,93.77,94.29,93.52,93.65,1711
20221003,93.65,93.92,92.79,93.25,2946
20221004,95.23,96.73,95.2,96.37,20383
20221005,98.14,98.63,97.99,98.2,6104
20221006,97.52,99,97.52,98.59,9537
20221007,98.4,98.87,98.4,98.7,3811
20221010,95.95,96.5,95.79,96.5,10692
20221011,96,96.54,96,96.3,4201
20221012,95.24,95.73,95.01,95.6,2329
20221013,95.16,95.16,94.67,94.85,6437
20221014,95.85,96.3,95.8,96.2,8929
20221017,95.29,95.29,94.7,94.88,3239
20221018,96.67,97.63,96.67,97.52,10082
20221019,98.39,98.4,97.96,98.06,17842
20221020,96.41,96.66,96.08,96.49,9082
20221021,95.72,96.07,95.27,95.97,4579
20221024,97.9,98.16,97.33,97.8,8775
20221025,98.99,98.99,98.41,98.61,2922
20221026,99.18,99.32,98.75,99.03,14986
20221027,98.09,98.23,97.88,97.9,7583
20221028,97.81,97.88,97.38,97.48,5126
20221031,100.9,101.14,100.46,100.6,5280
20221101,100.37,100.59,99.83,99.99,4003
20221102,99.73,99.79,99.4,99.55,11596
20221103,97.09,97.22,96.86,97.06,10102
20221104,97.05,97.5,96.77,96.86,11000
20221107,98,98,95.63,96.42,5240
20221108,97.3,97.87,97.3,97.67,15687
20221109,98.19,98.4,97.85,98.16,9309
20221110,97.44,97.85,97.1,97.85,13487
20221111,101.97,102.23,101.54,101.77,11260
20221114,102.83,102.89,102.09,102.76,12899
20221115,102.59,102.59,101.96,102.32,3205
20221116,102.2,102.61,101.99,102.26,3137
20221117,101.42,101.42,100.81,101.29,4000
20221118,101.3,101.34,99.8,100.16,6750
20221121,97.19,100.74,97.19,100.74,8539
20221122,101.27,101.58,101.21,101.28,3424
20221123,101.73,102,101.63,101.94,6516
20221124,101.84,101.84,101.15,101.36,5039
20221125,101.4,101.64,101.07,101.07,3380
20221128,101.09,101.73,101.09,101.37,2907
20221129,100.96,101.02,100.18,100.42,9191
20221130,100.24,100.38,99.89,100.14,4534
20221201,102,102.57,101.94,102.05,1513
20221202,102.45,102.48,102,102.05,2977
20221205,102.1,102.21,101.24,101.56,6476
20221206,101.6,101.75,100.89,100.89,9012
20221207,100.16,100.3,99.88,100.3,5481
20221208,99.57,99.57,99.19,99.3,3344
20221209,100.05,100.07,99.69,100.07,2296
20221212,100.07,100.07,99.01,99.24,7046
20221213,99.7,101.29,99.7,100.97,11343
20221214,101.03,101.84,101.03,101.79,3199
20221215,100.6,100.84,100.38,100.77,1641
20221216,100.08,100.08,98.81,99.56,14139
20221219,98.93,99.22,98.75,98.89,6452
20221220,98.21,98.59,97.05,97.58,7136
20221221,98.38,99.1,98.29,99.06,6796
20221222,99.12,100,99.12,99.17,5863
20221223,98.79,98.86,97.96,98.09,3894
20221228,98.12,99.55,96.62,96.76,7199
20221229,96.23,96.23,95.58,95.96,3030
20221230,97.35,97.64,97.3,97.45,3032
20230103,98.01,98.01,96.39,96.56,3245
20230104,98.36,98.51,97.43,97.65,3399
20230105,97.99,98.41,97.94,98.2,3219
20230106,97.95,98.07,97.8,98.01,3471
20230109,98.55,98.59,97.99,97.99,6353
20230110,98.47,99.01,98.4,98.54,7049
20230111,98.63,99.95,98.63,99.67,9673
20230112,100.87,101.59,100.87,101.42,12618
20230113,101.44,101.44,101,101.05,5450
20230116,101.96,101.96,101.4,101.45,6089
20230117,101.58,101.91,101.3,101.41,5635
20230118,101.16,101.51,100.7,101.2,9697
20230119,100.34,100.95,100.25,100.75,8179
20230120,100.7,102.21,99.64,99.85,7496
20230123,101.57,101.6,101.06,101.24,5772
20230124,101.6,102.84,101.6,102.79,9118
20230125,102.25,102.25,100.53,100.73,5786
20230127,102.07,102.49,102.03,102.35,6057
20230130,102.8,103.13,102.6,103.02,4889
20230131,103.19,103.19,102.33,102.45,13692
20230201,103.9,104,103.67,103.68,5169
20230202,104,106.26,104,105.88,17762
20230203,106.72,108.67,106.72,108.45,10583
20230206,108.62,108.89,108,108.04,11285
20230207,108.59,108.89,108,108.17,11973
20230208,109.35,109.58,109.23,109.4,16772
20230209,108.71,108.72,108.2,108.34,8413
20230210,106.92,106.92,106.53,106.68,6083
20230213,106.31,106.31,105.72,105.9,3810
20230214,106.94,107.06,106.72,106.75,3275
20230215,106.87,107.18,106.6,107.05,6355
20230216,109.08,109.96,109.08,109.33,7957
20230217,107.67,107.8,107.33,107.8,7923
20230220,107.03,107.03,106.49,106.65,12718
20230221,106.02,106.38,105.8,106.35,10422
20230222,106.01,106.65,104.6,105.24,14956
20230223,106.6,106.6,105.7,106.02,7607
20230224,105.99,106.51,105.59,106.01,5764
20230227,105.98,106.23,105.1,106.11,3979
20230228,106.33,106.33,105.56,105.91,7201
20230301,105.91,106.3,105.53,105.86,9836
20230302,105.83,106.42,105.49,105.56,20250
20230303,106.55,107.33,106.49,106.5,8090
20230306,108.13,108.95,108.02,108.84,11418
20230307,108.13,109.04,107.96,108.98,6268
20230308,109.05,109.36,108.7,109.08,5673
20230309,109.5,109.83,108.99,108.99,7084
20230310,107.26,107.26,105.92,106.56,5254
20230313,105.72,105.95,105.13,105.45,8783
20230314,104.31,104.84,103.51,104.45,5671
20230315,105,105.8,105,105.42,8195
20230316,106.2,106.84,106,106.42,7358
20230317,107.3,108.19,106.84,107.17,4419
20230320,106.56,106.56,105.82,106,9727
20230321,106.47,107.2,106.21,106.97,8285
20230322,108.43,109.13,108.43,108.54,8839
20230323,106.52,106.68,105.85,105.97,7129
20230324,106.84,107.5,106.72,107.01,5742
20230327,108,108.5,107.86,108.04,19353
20230328,108.09,108.09,107.16,107.5,8624
20230329,107.21,107.64,106.8,107.51,12321
20230330,109.04,109.5,108.81,109.26,9071
20230331,109.5,109.8,109.44,109.69,4045
20230403,111.48,111.89,111.19,111.65,8944
20230404,109.83,110.04,109.32,109.81,10213
20230405,111,111,109.18,109.93,8560
20230406,110.01,110.01,108.95,109.31,7438
20230411,110.66,111.55,110.61,110.79,13314
20230412,111,111.48,110.82,111.14,9080
20230413,111.14,111.14,109.4,109.71,5937
20230414,111,111,109.66,109.82,8612
20230417,110.99,111.23,110.65,110.95,5539
20230418,111.12,111.6,110.8,110.93,16217
20230419,111.62,111.62,110.56,110.82,13435
20230420,111.06,111.63,111.06,111.06,7129
20230421,110.76,111.38,110.47,111.23,8182
20230424,111.5,111.79,111.31,111.5,10107
20230426,110.6,111.08,110.22,110.81,13321
20230427,111.69,111.69,110.89,111.29,11088
20230428,112.31,113.99,112.31,112.98,8765
20230501,113.72,114,113.68,113.79,5664
20230502,113.65,113.79,112.23,112.23,8811
20230503,112,112.52,111.97,112.48,7703
20230504,112.93,112.93,111.1,111.4,10581
20230505,111.4,112,108.99,109.3,16468
20230508,111.49,111.79,109.5,109.56,8693
20230509,110,110,109.51,109.74,8459
20230510,109.79,109.79,109.3,109.31,5795
20230511,109.8,110.16,109.61,110.1,9663
20230512,111.5,111.5,110.64,111.14,49535
20230515,111.28,111.45,111.01,111.02,10508
20230516,111.4,111.98,111.35,111.92,7398
20230517,111.99,111.99,111.36,111.8,5287
20230518,112.95,113.47,112.95,113.39,7410
20230519,115.05,115.8,115.05,115.09,9475
20230522,114.23,114.54,113.4,114.54,9803
20230523,115.05,115.4,114.9,115.04,7516
20230524,114.32,114.4,113.94,114.28,8065
20230525,114.12,114.12,113.56,113.8,12394
20230526,115.07,115.39,114.77,115.14,16614
20230529,117.16,117.5,116.9,116.91,12824
20230530,117.05,117.71,116.7,117.65,10639
20230531,117.11,117.13,116.55,116.94,12971
20230601,116.99,116.99,116.11,116.21,9635
20230602,117,117,116.03,116.23,6854
20230605,117.65,118,117.56,117.74,7500
20230606,117.73,117.73,116.39,116.56,15482
20230607,117.02,117.81,116.9,116.9,30287
20230608,117,117.22,116.23,116.33,9686
20230609,116.91,116.91,116.13,116.4,9012
20230613,117.2,117.64,117.18,117.51,8601
20230614,118,118,117.56,117.93,27314
20230615,119,120,117.21,117.33,28930
20230616,118,118,117.41,117.64,12786
20230619,119.18,119.18,117.34,117.65,27632
20230620,117.75,118.52,117.26,118.3,21233
20230621,118.34,119.2,117.78,118.15,11775
20230622,118.01,118.84,116.84,117.31,11629
20230623,117.99,118.4,117.23,118.4,9515
20230626,118.2,118.31,117.96,118.31,24102
20230627,118.4,118.4,117.34,117.72,11859
20230628,118.74,120.1,118.74,119.92,15811
20230629,120.98,121,120.06,120.47,35267
20230630,121,121.14,120.58,120.62,11050
20230703,120.7,120.7,112.53,112.92,35620
20230704,115,125.83,112.54,113.09,22379
20230705,113,113.64,112.25,112.47,23101
20230706,113,113,112.01,112.1,53778
20230707,111.91,113.31,111.41,111.52,58617
20230710,111.5,111.52,110.45,110.78,28288
20230711,111.66,112.18,111.66,112.18,44858
20230712,113.47,113.99,112.33,113.01,25495
20230713,115,115,112.6,112.72,33300
20230714,112.59,113.25,111.78,111.95,31271
20230717,113,113,112.26,112.77,18460
20230718,113.02,113.6,112.72,113.04,18699
20230719,115.01,115.09,114.2,114.69,14933
20230720,115.11,115.82,114.78,114.97,27527
20230721,114.97,115,114.6,114.87,9281
20230724,115.49,116.01,115.44,115.45,16452
20230725,116,116,114.87,114.87,16616
20230726,115.35,116.22,115.06,115.7,29401
20230727,115.71,115.71,115,115.52,25129
20230728,116,117.19,115.74,116.85,41958
20230731,118.85,118.85,117.05,117.12,34774
20230801,118.99,118.99,116.85,117.79,44430
20230802,117.68,118.15,117.46,118.13,42079
20230803,118.2,118.37,118.01,118.17,32126
20230804,118,118,116.16,116.52,33479
20230807,116.31,116.6,115.83,116.32,36975
20230808,116.59,116.97,116.55,116.9,20635
20230809,116.9,117.82,115.9,116.15,38238
20230810,116,116.16,115.85,116.01,23658
20230811,117.16,117.16,115.86,116.17,11689
20230814,116.28,116.52,116.03,116.35,14642
20230815,117,117.22,116.28,116.28,14609
20230816,116,117.29,115.6,115.6,17793
20230817,115.34,116.07,115.32,115.78,5502
20230818,115,115,114.3,114.55,23888
20230821,114.47,114.51,113.83,114.21,16059
20230822,114.62,115.1,114.23,114.34,10400
20230823,113.92,114.99,113.72,114.99,17757
20230824,114.9,114.9,114.01,114.49,13912
20230825,114,114.05,113.73,113.73,11393
20230828,114.49,115,114.41,114.62,23581
20230829,115.48,115.61,115,115.3,5885
20230830,116,117.33,116,116.35,15650
20230831,116.46,117.11,116.46,116.95,18822
20230901,116.94,117.26,116.75,117.23,11823
20230904,118,118,117.26,117.34,11079
20230905,117.95,118.19,117.32,118.19,17524
20230906,117.95,118.2,117.37,117.37,21276
20230907,117.52,118.09,117.15,117.15,22162
20230908,117,117.19,116.5,116.5,15544
20230911,116.73,116.82,116.18,116.28,14958
20230912,116.3,116.8,116.3,116.8,11851
20230913,117,117,116,116.2,12396
20230914,116,116.03,115.42,115.6,12451
20230915,116.19,117,115.93,116.12,8304
20230918,115.5,115.5,114.9,114.9,10727
20230919,116.14,116.14,114.73,115.03,8868
20230920,114.39,114.5,114.22,114.32,13483
20230921,113.89,114.27,113.84,114.19,12516
20230922,113,113,112.35,112.55,21010
20230925,112.2,113.1,111.42,112.14,9426
20230926,111.75,111.75,111.11,111.42,10418
20230927,111,111.18,110.52,111.17,16010
20230928,112,112,110.93,111.14,17422
20230929,111.2,111.69,110.57,110.6,17601
20231002,111.2,112.16,111.09,112.15,5940
20231003,111.53,112.15,111.01,111.9,10908
20231004,111,111.99,110,110,19327
20231005,110.76,111.75,110.4,110.4,16913
20231006,110.4,111.06,109.8,110.12,12261
20231009,111,111.6,110.21,110.77,5114
20231010,111,111.25,110.82,111.2,12303
20231011,112.1,112.1,111.13,111.49,10578
20231012,111.98,112.32,111.8,112,34268
20231013,112.1,112.13,111.87,112.13,7398
20231016,111.99,112.5,111.4,111.69,47880
20231017,112.51,112.75,112.08,112.3,24927
20231018,112.83,112.96,112.55,112.67,8503
20231019,112,112.02,111.42,111.89,13964
20231020,111,111.4,110.52,111.07,16615
20231023,110.44,110.93,109.72,110.03,14464
20231024,109.24,109.99,108.6,108.87,14597
20231025,109.69,109.69,107.49,107.69,9403
20231026,107.26,107.67,107,107.38,17561
20231027,107.07,107.07,106.52,106.71,14455
20231030,105.68,105.68,105.2,105.21,15371
20231031,105.9,105.9,105.28,105.63,6595
20231101,107.02,107.54,107,107.4,15203
20231102,107,108.03,105.75,105.96,16099
20231103,108.25,108.58,108.14,108.47,8834
20231106,109,109.3,108.75,109.02,13303
20231107,110,110.2,108.7,109.83,8737
20231108,110.59,110.6,109.51,109.77,8313
20231109,109.95,110.6,109.94,110.07,9145
20231110,109.48,110.06,109.32,109.51,9867
20231113,110.59,110.59,109.8,109.89,7022
20231114,110,110.7,109.54,109.64,11092
20231115,110.1,111.01,110.1,110.74,50533
20231116,112,112.47,111.47,112.21,37952
20231117,112.54,112.87,112.33,112.53,7514
20231120,112.51,112.55,111,111.14,16397
20231121,111.15,111.96,111.15,111.59,16677
20231122,111.55,112.05,111.55,111.98,9785
20231123,112.8,112.8,112.12,112.2,9252
20231124,112.5,112.56,111.97,112.2,8954
20231127,112.2,112.36,111.68,111.88,7962
20231128,112.2,112.2,111,111.07,8217
20231129,110.76,111.07,110.34,110.77,14629
20231130,111.07,112.31,111.06,111.81,13366
20231201,112.55,113.23,112.55,113.23,11359
20231204,113.42,113.95,113.24,113.9,14020
20231205,114.18,115.09,114.18,114.99,12447
20231206,115.06,115.38,114.66,114.88,13020
20231207,115.32,115.98,115.07,115.5,7848
20231208,115,115.32,114.61,114.63,7598
20231211,115.25,116.34,115.25,116.13,11614
20231212,117.2,117.46,116.76,116.92,17228
20231213,117.81,118.04,117.49,117.81,13063
20231214,118.1,119.79,117.34,117.95,19948
20231215,119.82,119.82,119.16,119.31,8948
20231218,119.31,119.73,118.88,119.11,12809
20231219,119.82,119.82,118.8,118.9,18006
20231220,119.82,119.82,118.91,118.95,12415
20231221,118.5,118.53,117.32,117.69,13912
20231222,117.85,117.91,117.58,117.65,22573
20231227,118.09,118.89,118.08,118.08,7333
20231228,118.31,118.45,117.9,118.38,6876
20231229,118.59,119,118.5,118.6,9452
20240102,118.6,118.79,118.29,118.32,7652
20240103,118.32,119.15,118.32,118.74,7225
20240104,117.67,117.78,117.3,117.5,7670
20240105,118,118.49,117.35,117.57,8357
20240108,118,118,117.37,117.76,9454
20240109,118.79,119.19,118.72,118.86,5163
20240110,119,119.28,118.45,118.65,6013
20240111,118.85,119.5,118.65,118.78,20973
20240112,118.84,119.79,118.43,118.52,12402
20240115,119.28,119.28,118.64,118.91,10825
20240116,119.2,120.11,119.2,120,13319
20240117,120.11,121,119.68,120.01,10176
20240118,120,120.46,119.55,119.55,12397
20240119,120,121.84,119.8,120,14007
20240122,121.28,121.35,120.99,121.29,15539
20240123,121.5,122.11,121.09,121.1,14710
20240124,121.5,122.28,121.5,122.1,9342
20240125,122,122,121.16,121.4,12452
20240129,121.5,122.15,121.5,121.71,9017
20240130,122.02,122.61,122.02,122.6,20023
20240131,122.61,123.19,122.5,122.85,9607
20240201,122.8,122.99,120.7,121.61,38599
20240202,122.64,122.72,121.85,121.95,11413
20240205,123.09,123.8,122.95,122.95,11418
20240206,124.4,124.4,122.4,122.4,14280
20240207,122.69,123.38,122.69,123.22,15940
20240208,123.5,124,123.3,123.54,7114
20240209,123.88,124.97,123.88,124.71,7873
20240212,124.65,124.85,124.45,124.7,22421
20240213,125,125.83,125,125.71,11817
20240214,124.9,125.22,124.42,124.42,21619
20240215,125.01,125.69,124.81,125.13,15319
20240216,125.8,126.18,125.56,125.82,10411
20240219,125.09,125.82,124.63,124.8,36531
20240220,125.48,125.48,124.4,124.5,23572
20240221,125,125.01,123.37,123.75,16223
20240222,123.85,124.73,123.85,124.02,13868
20240223,125,125.29,124.68,124.8,11073
20240226,125.01,125.83,125.01,125.1,18415
20240227,125.3,126.97,125,125,18553
20240228,125.33,126.18,125.33,126.01,17686
20240229,126.99,126.99,125.86,125.93,17701
20240301,127,127.28,126.64,126.94,16461
20240304,127,127,126.49,126.65,13473
20240305,127,127.42,126.88,127.33,7909
20240306,126.99,127,126.16,126.21,11633
20240307,126.98,126.98,125.4,125.7,16678
20240308,126.5,126.5,125.75,125.75,12964
20240311,126.5,126.5,125.81,125.98,9784
20240312,126.71,127.25,126.71,127.06,10724
20240313,127.37,127.68,126.8,126.8,8418
20240314,127.04,127.57,126.9,127,16677
20240315,126.66,126.85,126.04,126.73,6689
20240318,126.56,126.78,126.34,126.53,13782
20240319,127,127.49,126.8,127.32,10887
20240320,127.55,128.35,127.5,127.81,19380
20240321,128.15,128.59,127.58,127.61,29284
20240322,127.79,129.78,127.79,129.67,27464
20240325,129.31,129.42,128.21,128.51,45171
20240326,128.5,128.98,128,128.04,14281
20240327,128.08,129.49,128.08,128.85,12836
20240328,129.9,130.96,129.64,129.81,20123
20240402,131,131,130.02,130.3,9255
20240403,129.8,130.29,128.32,128.91,17505
20240404,127.53,127.85,126.96,127.11,18804
20240405,126,126.87,125.6,125.9,21501
20240408,126.56,127.02,126.14,126.14,12708
20240409,126.8,126.8,126.2,126.23,22294
20240410,126.74,127.25,126.74,127.25,9623
20240411,126.95,126.95,126.28,126.28,34145
20240412,126.5,126.75,126.21,126.75,13442
20240415,126.08,126.35,125.49,125.64,28617
20240416,125.49,125.49,124.86,125.08,31892
20240417,125.4,125.41,124.91,124.92,27740
20240418,124.5,124.5,123.5,123.7,48855
20240419,123.76,124.09,123.17,123.61,30869
20240422,124.99,125.2,124.19,124.68,12198
20240423,126,126,124.77,124.82,19113
20240424,125.14,125.4,124.58,124.76,16489
20240426,124.77,124.82,124.29,124.34,10389
20240429,125.32,125.65,124.23,124.51,13627
20240430,125.21,125.71,125,125.67,7243
20240501,125.12,125.59,125.01,125.1,9636
20240502,125,125,124.05,124.23,11175
20240503,124.64,124.64,123.35,123.45,9687
20240506,123.8,124.05,123.75,123.98,8590
20240507,124.19,125,124.05,124.98,9207
20240508,125.12,125.65,125.12,125.54,10823
20240509,126.37,126.37,125.65,125.7,12264
20240510,126,126.58,126,126.3,9000
20240513,126.97,127.11,126.77,126.99,11140
20240514,127,127.34,127,127.25,10959
20240515,127.5,127.8,126.84,126.88,18679
20240516,127.3,127.56,126.91,127.38,27179
20240517,127.37,127.75,127.3,127.39,14008
20240520,127.37,127.38,127,127,10973
20240521,127.21,127.98,127.21,127.87,10713
20240522,127.45,127.51,127.03,127.16,15028
20240523,127.5,128.46,127.5,128.36,9234
20240524,127.16,127.17,126.23,126.29,16117
20240527,126.29,126.98,125.83,125.86,40985
20240528,125.84,125.97,125.45,125.51,16010
20240529,124.36,124.4,123.95,123.99,26746
20240530,123.08,123.48,122.67,122.91,31753
20240531,122.47,122.47,122.24,122.3,14820
20240603,123.67,124.4,123.67,124.26,22377
20240604,123.1,123.21,122.74,123.12,21279
20240605,124.33,124.39,123.49,123.58,13195
20240606,124.4,124.4,123.78,124.19,14929
20240607,124.21,124.37,124.07,124.13,16383
20240611,124.89,124.89,124.18,124.4,12642
20240612,124.07,124.2,123.73,123.85,14375
20240613,123.74,123.74,123.17,123.5,17181
20240614,123.24,123.43,123,123.35,20506
20240617,123.19,123.37,122.9,123.22,18437
20240618,123.37,123.61,123.05,123.32,17642
20240619,122.72,122.88,122.38,122.5,21443
20240620,122.54,122.55,122.28,122.45,17700
20240621,122.55,123.65,122.44,123.11,12781
20240624,124,124.69,123.99,124.36,15116
20240625,124.62,124.84,124.55,124.65,20501
20240626,124.21,124.41,123.28,123.36,14268
20240627,123.72,124.14,123.5,123.5,13696
20240628,124.29,128.01,123.53,124.47,101473
20240701,113.7,115.26,112.77,113.91,43076
20240702,113.67,113.98,112.56,112.9,37727
20240703,113,113.39,112.76,112.95,33404
20240704,112.66,112.67,112.19,112.28,31481
20240705,112.12,112.12,111.85,112.04,29594
20240708,111.95,111.99,111.59,111.7,63757
20240709,111.8,112.07,111.8,111.9,12860
20240710,111.38,111.7,111.18,111.24,20776
20240711,111.46,111.92,111.46,111.7,11195
20240712,112.63,113.3,112.63,113.12,40365
20240715,114,114.2,113.95,114.12,13886
20240716,114.14,114.46,114.07,114.33,19362
20240717,116.16,116.45,115.94,115.95,17869
20240718,116.5,117.29,116.33,116.91,24546
20240719,115.68,115.93,115.59,115.66,14751
20240722,115.46,115.84,115.36,115.72,14261
20240723,116.63,117.2,116.63,117.01,15821
20240724,116.98,117.35,116.93,117.13,20791
20240725,117.01,117.64,116.94,117.4,19653
20240726,119.14,119.66,119.09,119.09,14347
20240729,120.9,121.23,120.85,121.14,38674
20240730,121,121.2,120.74,120.82,11851
20240731,121.6,123.34,121.58,123.03,17161
20240801,122.5,124.52,122.06,122.29,16009
20240802,121.99,121.99,120.55,120.55,41980
20240805,120,120.24,118.45,119.78,95141
20240806,118,118.8,117.36,118.17,34358
20240807,118.44,118.81,118.17,118.43,38770
20240808,118,118,116.7,116.74,20875
20240809,117.83,118.27,117.83,117.92,19801
20240812,118.22,118.49,117.93,118.02,16346
20240813,117.92,118.02,117.6,117.67,20584
20240814,118.8,119.8,118.8,119.4,16517
20240815,120.09,120.88,119.97,119.97,19735
20240816,121.28,121.78,121.28,121.37,22895
20240819,121.5,121.78,120.36,120.53,19362
20240820,120.37,120.73,120.2,120.53,13168
20240821,120.07,120.25,119.9,120,11100
20240822,120.53,121.02,120.5,120.81,15985
20240823,121.09,121.2,120.95,121.05,9619
20240826,121.6,121.6,120.76,120.98,14795
20240827,121.46,121.56,121,121,9512
20240828,121.35,121.51,120.98,121.3,13536
20240829,121.28,121.51,121,121.22,10254
20240830,121.8,122.2,121.8,121.97,14361
20240902,122.77,123.12,122.74,122.9,12236
20240903,122.7,123.51,122.38,123.51,15408
20240904,122.5,123,122.5,122.5,29609
20240905,122.97,122.97,122.48,122.48,10171
20240906,122,122.06,121.51,121.75,11572
20240909,121.72,122.35,121.67,122.35,9415
20240910,123,123.42,122.67,122.86,13818
20240911,122.89,123.47,122.7,122.72,12719
20240912,122.76,123.37,122.75,122.8,5954
20240913,122.38,123.99,121.78,121.98,19836
20240916,123.14,123.49,122.96,122.97,17058
20240917,122.68,122.85,122.59,122.69,18295
20240918,122.73,122.74,122.2,122.5,10431
20240919,122.51,122.97,122.27,122.27,38193
20240920,122.99,122.99,122.24,122.36,13653
20240923,122.53,122.67,121.8,121.87,24077
20240924,121.91,122.12,121.415,121.82,13935
20240925,121.8,121.98,121.07,121.85,17777
20240926,122,122,121.36,121.36,17352
20240927,122.13,122.84,122.13,122.79,11065
20240930,122.52,122.65,121.83,121.83,18057
20241001,122.89,122.89,122.02,122.09,10617
20241002,121.83,121.83,121.15,121.5,11852
20241003,122,122.39,121.79,122.07,11554
20241004,121.96,122.07,121.73,121.78,4824
20241007,123.11,123.5,123.11,123.25,8096
20241008,123.25,124,123.23,123.62,11940
20241009,123.8,124.06,123.63,123.63,13435
20241010,124.52,125.06,124.51,124.58,10752
20241011,124.2,124.27,124.02,124.1,9858
20241014,124.91,125.49,124.84,124.93,10007
20241015,126.05,126.88,126.05,126.62,11438
20241016,126.8,127.11,126.62,126.71,11974
20241017,127.49,127.96,126.9,127.11,20357
20241018,127.16,127.17,126.68,126.68,14462
20241021,127.2,127.35,127.03,127.07,14081
20241022,127,127.35,126.56,126.56,11615
20241023,126.6,126.79,126.32,126.34,12175
20241024,127.14,127.14,126.66,126.66,6082
20241025,126.35,126.99,126.19,126.2,9227
20241028,126.49,127.45,126.47,126.86,12906
20241029,127.42,127.52,127.07,127.52,16158
20241030,127.59,127.825,127.4,127.53,9180
20241031,127.53,127.69,127.24,127.26,24905
20241101,126.19,126.19,125.02,125.29,21910
20241104,127,127.95,125.03,125.5,11139
20241105,126.23,126.24,125.7,125.87,15216
20241106,125.88,129.48,125.76,129,14191
20241107,128.21,129.2,127.01,127.2,16824
20241108,127.2,127.48,126.7,127.23,9926
20241111,128.61,129.35,128.61,128.99,15057
20241112,129.86,130.61,129.7,130.28,16303
20241113,130.35,130.59,129.83,129.83,18847
20241114,130.55,131.89,130.55,131.54,11194
20241115,130.51,130.75,130.06,130.1,16628
20241118,128.73,128.73,127.65,128.06,16584
20241119,128,128,127.5,127.78,9544
20241120,127.27,127.51,126.915,127.31,19574
20241121,128.05,128.15,127.51,127.52,5926
20241122,128.83,129.57,128.83,129.52,10503
20241125,130.01,131.25,130.01,131.08,14748
20241126,132.3,133.41,132.3,132.58,16410
20241127,132.84,133.01,132.21,132.33,10215
20241128,132.48,132.48,131.91,132.3,10678
20241129,133,133,131.94,131.99,24204
20241202,132.92,132.92,132.12,132.2,6980
20241203,133,133.49,132.77,133.33,38283
20241204,132.57,133.96,132.2,133.35,13717
20241205,133.61,134.27,133.61,133.83,8698
20241206,133.51,133.61,132.8,133.61,10012
20241209,134.16,134.79,133.88,134.67,10868
20241210,134.42,134.8,133.69,134.78,12374
20241211,135.37,135.38,134.3,134.53,11470
20241212,134.48,134.48,133.12,133.13,14628
20241213,133.6,134.26,133.6,134.03,12562
20241216,133.94,133.95,133.12,133.28,16555
20241217,134,134.79,133.1,133.6,12808
20241218,133.63,134.11,133.31,134.07,8800
20241219,132.29,133.86,131.78,131.85,19181
20241220,131.5,131.57,131,131.25,18864
20241223,132.56,134.11,132.43,132.75,10237
20241224,132.75,134.98,132.44,132.75,5921
20241227,132.8,134.79,132.8,134.13,7493
20241230,133.85,133.85,132.51,132.62,10147
20241231,131.76,131.76,131.41,131.67,8396
20250102,131.71,134.2,131.71,132.06,4942
20250103,131.59,131.59,131.21,131.31,5039
20250106,131.51,132.48,131.25,131.47,7659
20250107,132.3,132.32,131.11,131.11,8967
20250108,132,132.47,131.16,131.5,9710
20250109,132.01,132.01,131.61,131.85,4975
20250110,132.25,132.25,131.5,131.77,11797
20250113,131.05,131.4,130.13,130.7,10704
20250114,131,131.95,130.99,131.72,10356
20250115,132.15,132.59,131.7,131.7,10825
20250116,132.39,132.59,131.84,132.37,9025
20250117,133,133.72,132.99,133.6,14887
20250120,134.99,134.99,133.75,133.8,16573
20250121,133.69,134.12,133.23,133.33,23747
20250122,133.51,134.98,133.51,134.45,17718
20250123,134.99,134.99,134.46,134.5,16426
20250124,134.55,135,134.11,134.32,17433
20250128,135.22,136.34,135.22,136.2,12375
20250129,135.8,136.37,135.7,136.19,14834
20250130,135.32,136.18,135,135.7,28314
20250131,136.02,137.32,136.02,136.4,15160
20250203,137.99,137.99,135.3,135.66,42056
20250204,136.6,137.23,134.7,135.2,18070
20250205,134.8,135.15,132.01,132.03,37643
20250206,131.9,132.23,131.39,131.9,25869
20250207,131.39,131.39,129.87,130.17,25764
20250210,130.16,130.16,129.11,129.33,17170
20250211,129.33,129.33,129.03,129.12,23864
20250212,129.14,129.76,128.8,128.93,11430
20250213,129.89,129.89,128.93,128.93,11758
20250214,128.81,129.88,128.51,128.75,18762
20250217,127.89,128.47,127.31,127.41,18764
20250218,127.76,128.63,127.47,127.63,21600
20250219,127.83,128.55,127.83,128.07,24249
20250220,128.92,129.25,128.01,128.01,13700
20250221,128,128.42,128,128.2,10053
20250224,128,128.27,127.73,127.85,21546
20250225,128.5,129.5,128.5,129.13,12938
20250226,129.2,130.16,129.2,130.16,14363
20250227,130.14,130.14,129.11,129.67,21367
20250228,129.4,129.66,129.14,129.46,30704
20250303,130,131.02,130,130.7,36189
20250304,130.43,130.43,129.32,129.88,19573
20250305,127.5,129,127.01,129,28152
